Genome A,Genes in A,Genome B,Genes in B,# orthologous genes,Mean AAI,Std AAI,Orthologous fraction (OF),100-OF,comp,mutant_genome,genome,true_gnd,true_aad,original_genome,ani,ani_aln_len_ab,ani_aln_cov_ab,ani_similarity_errs_ab,ani_aln_cov_ba,ani_aln_len_ba,ani_similarity_errs_ba,calculated_gnd,calculated_aad
mutated_BLOSUM62_AG-359-G18_a22_aad063,1090.0,AG-894-K15_contigs,1070.0,341.0,42.46,7.28,31.87,68.13,AG-894-K15_contigs_mutated_BLOSUM62_AG-359-G18_a22_aad063,mutated_BLOSUM62_AG-359-G18_a22_aad063,mutated_BLOSUM62_AG-359-G18_a22_aad063,0.4068720436510818,0.6300014371726228,AG-359-G18,0.7192254787234041,158488.0,0.15346434467699846,47057.0,0.15623951462327645,158320.0,48066.0,28.077452127659587,0.5753999999999999
mutated_BLOSUM62_AG-359-G18_a22_aad047,1088.0,AG-894-K15_contigs,1070.0,721.0,54.32,7.55,67.38,32.620000000000005,AG-894-K15_contigs_mutated_BLOSUM62_AG-359-G18_a22_aad047,mutated_BLOSUM62_AG-359-G18_a22_aad047,mutated_BLOSUM62_AG-359-G18_a22_aad047,0.3035154226398834,0.47000131486005914,AG-359-G18,0.7281168200270639,695708.0,0.6736558749340343,194105.0,0.6922944076674996,701513.0,197795.0,27.18831799729361,0.4568
mutated_BLOSUM62_AG-894-K15_a22_aad043,1070.0,AG-894-K15_contigs,1070.0,975.0,57.64,7.14,91.12,8.879999999999995,AG-894-K15_contigs_mutated_BLOSUM62_AG-894-K15_a22_aad043,mutated_BLOSUM62_AG-894-K15_a22_aad043,mutated_BLOSUM62_AG-894-K15_a22_aad043,0.27733303332820164,0.42999937527331794,AG-894-K15,0.7447876434426233,937142.0,0.9248270036197987,244374.0,0.9247964109912408,937111.0,244384.0,25.521235655737673,0.4236
mutated_BLOSUM62_AG-359-G18_a22_aad045,1086.0,AG-894-K15_contigs,1070.0,725.0,55.78,7.08,67.76,32.239999999999995,AG-894-K15_contigs_mutated_BLOSUM62_AG-359-G18_a22_aad045,mutated_BLOSUM62_AG-359-G18_a22_aad045,mutated_BLOSUM62_AG-359-G18_a22_aad045,0.29064764920332903,0.45000015289070455,AG-359-G18,0.7346501774397974,748917.0,0.7251782887187904,203990.0,0.7330941187151886,742856.0,203865.0,26.534982256020257,0.44220000000000004
mutated_BLOSUM62_AG-359-G18_a22_aad043,1088.0,AG-894-K15_contigs,1070.0,774.0,57.61,7.15,72.34,27.659999999999997,AG-894-K15_contigs_mutated_BLOSUM62_AG-359-G18_a22_aad043,mutated_BLOSUM62_AG-359-G18_a22_aad043,mutated_BLOSUM62_AG-359-G18_a22_aad043,0.2778224810817877,0.42999899092134997,AG-359-G18,0.7439671999999995,768730.0,0.7443632684086431,201576.0,0.7633275306024971,773492.0,205144.0,25.60328000000005,0.42390000000000005
mutated_BLOSUM62_AG-359-G18_a22_aad069,1089.0,AG-894-K15_contigs,1070.0,179.0,38.87,5.96,16.73,83.27,AG-894-K15_contigs_mutated_BLOSUM62_AG-359-G18_a22_aad069,mutated_BLOSUM62_AG-359-G18_a22_aad069,mutated_BLOSUM62_AG-359-G18_a22_aad069,0.4448324110250936,0.6899988074525045,AG-359-G18,0.7502491549295772,57405.0,0.05558541155281849,15710.0,0.047307059199696834,47937.0,12885.0,24.97508450704228,0.6113
mutated_BLOSUM62_AG-359-G18_a22_aad053,1089.0,AG-894-K15_contigs,1070.0,604.0,49.0,7.09,56.45,43.55,AG-894-K15_contigs_mutated_BLOSUM62_AG-359-G18_a22_aad053,mutated_BLOSUM62_AG-359-G18_a22_aad053,mutated_BLOSUM62_AG-359-G18_a22_aad053,0.34168784828634646,0.5299986851399409,AG-359-G18,0.7114852144082332,531590.0,0.5147399865405937,158584.0,0.520246398951561,527174.0,159329.0,28.85147855917668,0.51
mutated_BLOSUM62_AG-359-G18_a22_aad065,1087.0,AG-894-K15_contigs,1070.0,308.0,41.04,7.05,28.79,71.21000000000001,AG-894-K15_contigs_mutated_BLOSUM62_AG-359-G18_a22_aad065,mutated_BLOSUM62_AG-359-G18_a22_aad065,mutated_BLOSUM62_AG-359-G18_a22_aad065,0.41962362077396426,0.6499995413278864,AG-359-G18,0.7190311111111111,115522.0,0.1118602545667572,34494.0,0.10455968325773994,105952.0,31042.0,28.096888888888895,0.5896
mutated_BLOSUM62_AG-359-G18_a22_aad049,1088.0,AG-894-K15_contigs,1070.0,704.0,52.61,7.2,65.79,34.209999999999994,AG-894-K15_contigs_mutated_BLOSUM62_AG-359-G18_a22_aad049,mutated_BLOSUM62_AG-359-G18_a22_aad049,mutated_BLOSUM62_AG-359-G18_a22_aad049,0.316323161314374,0.4899994190153227,AG-359-G18,0.7230837755102043,642417.0,0.6220540603349358,183062.0,0.6442166115999353,652795.0,188294.0,27.69162244897957,0.4739
mutated_BLOSUM62_AG-359-G18_a22_aad041,1091.0,AG-894-K15_contigs,1070.0,784.0,59.18,7.45,73.27,26.730000000000004,AG-894-K15_contigs_mutated_BLOSUM62_AG-359-G18_a22_aad041,mutated_BLOSUM62_AG-359-G18_a22_aad041,mutated_BLOSUM62_AG-359-G18_a22_aad041,0.2648830532518023,0.41000088676608637,AG-359-G18,0.7531163916256156,784453.0,0.7595878904075102,197938.0,0.7704329152998671,780692.0,198083.0,24.688360837438438,0.4082
mutated_BLOSUM62_AG-894-K15_a22_aad041,1073.0,AG-894-K15_contigs,1070.0,992.0,59.26,6.93,92.71,7.290000000000006,AG-894-K15_contigs_mutated_BLOSUM62_AG-894-K15_a22_aad041,mutated_BLOSUM62_AG-894-K15_a22_aad041,mutated_BLOSUM62_AG-894-K15_a22_aad041,0.26457985465540856,0.40999875054663587,AG-894-K15,0.7540517925478342,961106.0,0.9484760923542114,241353.0,0.9484642500463824,961094.0,241356.0,24.594820745216584,0.4074
mutated_BLOSUM62_AG-894-K15_a22_aad017,1073.0,AG-894-K15_contigs,1070.0,1057.0,82.67,4.42,98.79,1.2099999999999937,AG-894-K15_contigs_mutated_BLOSUM62_AG-894-K15_a22_aad017,mutated_BLOSUM62_AG-894-K15_a22_aad017,mutated_BLOSUM62_AG-894-K15_a22_aad017,0.10956700575141416,0.17000062472668206,AG-894-K15,0.8934367988107027,1009918.0,0.9966466531664356,108609.0,0.9966565217562932,1009928.0,108612.0,10.65632011892973,0.1733
mutated_BLOSUM62_AG-894-K15_a22_aad031,1075.0,AG-894-K15_contigs,1070.0,1042.0,69.01,6.44,97.38,2.6200000000000045,AG-894-K15_contigs_mutated_BLOSUM62_AG-894-K15_a22_aad031,mutated_BLOSUM62_AG-894-K15_a22_aad031,mutated_BLOSUM62_AG-894-K15_a22_aad031,0.1996020984569473,0.30999875054663584,AG-894-K15,0.8095162438057483,999252.0,0.9861208152244708,193125.0,0.9861148940705564,999246.0,193127.0,19.048375619425173,0.30989999999999995
mutated_BLOSUM62_AG-359-G18_a22_aad029,1090.0,AG-894-K15_contigs,1070.0,838.0,70.85,5.93,78.32,21.680000000000007,AG-894-K15_contigs_mutated_BLOSUM62_AG-359-G18_a22_aad029,mutated_BLOSUM62_AG-359-G18_a22_aad029,mutated_BLOSUM62_AG-359-G18_a22_aad029,0.1868901509099624,0.2900000305781409,AG-359-G18,0.8211253140096624,820510.0,0.7945019777580892,148796.0,0.8077282900891726,818484.0,149286.0,17.887468599033763,0.2915000000000001
mutated_BLOSUM62_AG-894-K15_a22_aad047,1069.0,AG-894-K15_contigs,1070.0,922.0,54.25,7.24,86.25,13.75,AG-894-K15_contigs_mutated_BLOSUM62_AG-894-K15_a22_aad047,mutated_BLOSUM62_AG-894-K15_a22_aad047,mutated_BLOSUM62_AG-894-K15_a22_aad047,0.3028946547769896,0.4700006247266821,AG-894-K15,0.7287849060773482,855792.0,0.8445460251293773,238094.0,0.8445302353856052,855776.0,238097.0,27.121509392265175,0.4575
mutated_BLOSUM62_AG-894-K15_a22_aad065,1071.0,AG-894-K15_contigs,1070.0,362.0,40.53,5.99,33.83,66.17,AG-894-K15_contigs_mutated_BLOSUM62_AG-894-K15_a22_aad065,mutated_BLOSUM62_AG-894-K15_a22_aad065,mutated_BLOSUM62_AG-894-K15_a22_aad065,0.41897789041128336,0.65,AG-894-K15,0.7220469101123593,151539.0,0.14954762384093412,44512.0,0.14955650557180586,151548.0,44518.0,27.795308988764067,0.5947
mutated_BLOSUM62_AG-894-K15_a22_aad057,1075.0,AG-894-K15_contigs,1070.0,641.0,46.5,7.34,59.91,40.09,AG-894-K15_contigs_mutated_BLOSUM62_AG-894-K15_a22_aad057,mutated_BLOSUM62_AG-894-K15_a22_aad057,mutated_BLOSUM62_AG-894-K15_a22_aad057,0.36713818789005603,0.5700006247266821,AG-894-K15,0.7114479754601233,433747.0,0.4280471244902873,129975.0,0.42803922961840135,433739.0,129980.0,28.855202453987673,0.5349999999999999
mutated_BLOSUM62_AG-359-G18_a22_aad009,1091.0,AG-894-K15_contigs,1070.0,850.0,90.51,3.17,79.44,20.560000000000002,AG-894-K15_contigs_mutated_BLOSUM62_AG-359-G18_a22_aad009,mutated_BLOSUM62_AG-359-G18_a22_aad009,mutated_BLOSUM62_AG-359-G18_a22_aad009,0.058210479939190596,0.09000064214095911,AG-359-G18,0.941800833333332,828821.0,0.8025495407824853,48704.0,0.8168942363487797,827772.0,49019.0,5.819916666666803,0.09489999999999998
mutated_BLOSUM62_AG-894-K15_a22_aad011,1071.0,AG-894-K15_contigs,1070.0,1062.0,88.67,3.42,99.25,0.75,AG-894-K15_contigs_mutated_BLOSUM62_AG-894-K15_a22_aad011,mutated_BLOSUM62_AG-894-K15_a22_aad011,mutated_BLOSUM62_AG-894-K15_a22_aad011,0.0711910203727169,0.10999875054663584,AG-894-K15,0.9302932903865216,1011646.0,0.9983519454938043,71035.0,0.9983509586348188,1011645.0,71035.0,6.970670961347835,0.11329999999999996
mutated_BLOSUM62_AG-359-G18_a22_aad005,1086.0,AG-894-K15_contigs,1070.0,848.0,94.57,2.4,79.25,20.75,AG-894-K15_contigs_mutated_BLOSUM62_AG-359-G18_a22_aad005,mutated_BLOSUM62_AG-359-G18_a22_aad005,mutated_BLOSUM62_AG-359-G18_a22_aad005,0.032372292989004924,0.050001376016340957,AG-359-G18,0.9669487439613528,829431.0,0.8031402053769844,27606.0,0.8174251664831109,828310.0,27656.0,3.3051256038647225,0.054300000000000015
mutated_BLOSUM62_AG-359-G18_a22_aad027,1091.0,AG-894-K15_contigs,1070.0,835.0,72.74,5.75,78.04,21.959999999999994,AG-894-K15_contigs_mutated_BLOSUM62_AG-359-G18_a22_aad027,mutated_BLOSUM62_AG-359-G18_a22_aad027,mutated_BLOSUM62_AG-359-G18_a22_aad027,0.17404561673614238,0.2699988686087863,AG-359-G18,0.8324360580411121,822098.0,0.7960396423090144,139597.0,0.8106079446095789,821402.0,140628.0,16.75639419588879,0.27260000000000006
mutated_BLOSUM62_AG-359-G18_a22_aad057,1089.0,AG-894-K15_contigs,1070.0,501.0,46.14,6.94,46.82,53.18,AG-894-K15_contigs_mutated_BLOSUM62_AG-359-G18_a22_aad057,mutated_BLOSUM62_AG-359-G18_a22_aad057,mutated_BLOSUM62_AG-359-G18_a22_aad057,0.3678203992311677,0.57000100907865,AG-359-G18,0.7083434523809521,370326.0,0.35858763380731745,112411.0,0.3530527495865061,357754.0,110496.0,29.16565476190479,0.5386
mutated_BLOSUM62_AG-894-K15_a22_aad029,1070.0,AG-894-K15_contigs,1070.0,1055.0,70.81,6.13,98.6,1.4000000000000057,AG-894-K15_contigs_mutated_BLOSUM62_AG-894-K15_a22_aad029,mutated_BLOSUM62_AG-894-K15_a22_aad029,mutated_BLOSUM62_AG-894-K15_a22_aad029,0.18715978036466413,0.29000124945336414,AG-894-K15,0.8205725892857139,1001300.0,0.9881419024272784,181930.0,0.9881300601194494,1001288.0,181928.0,17.942741071428614,0.29189999999999994
mutated_BLOSUM62_AG-894-K15_a22_aad053,1073.0,AG-894-K15_contigs,1070.0,779.0,49.49,7.36,72.8,27.200000000000003,AG-894-K15_contigs_mutated_BLOSUM62_AG-894-K15_a22_aad053,mutated_BLOSUM62_AG-894-K15_a22_aad053,mutated_BLOSUM62_AG-894-K15_a22_aad053,0.34169005522462886,0.529999375273318,AG-894-K15,0.7143147578347575,639090.0,0.6306917092002889,188493.0,0.6307153938159469,639114.0,188498.0,28.56852421652425,0.5051
mutated_BLOSUM62_AG-894-K15_a22_aad037,1068.0,AG-894-K15_contigs,1070.0,1016.0,63.17,6.72,95.13,4.8700000000000045,AG-894-K15_contigs_mutated_BLOSUM62_AG-894-K15_a22_aad037,mutated_BLOSUM62_AG-894-K15_a22_aad037,mutated_BLOSUM62_AG-894-K15_a22_aad037,0.23830966845485516,0.3700006247266821,AG-894-K15,0.7748579245283026,987722.0,0.9747423311188218,226236.0,0.9747452916957792,987725.0,226236.0,22.51420754716974,0.36829999999999996
mutated_BLOSUM62_AG-894-K15_a22_aad061,1072.0,AG-894-K15_contigs,1070.0,506.0,43.52,6.59,47.29,52.71,AG-894-K15_contigs_mutated_BLOSUM62_AG-894-K15_a22_aad061,mutated_BLOSUM62_AG-894-K15_a22_aad061,mutated_BLOSUM62_AG-894-K15_a22_aad061,0.3934271244113386,0.6099987505466359,AG-894-K15,0.7121056687898089,272861.0,0.2692753297095871,82323.0,0.2692703954146584,272856.0,82325.0,28.789433121019115,0.5648
mutated_BLOSUM62_AG-894-K15_a22_aad035,1071.0,AG-894-K15_contigs,1070.0,1026.0,64.86,6.57,95.89,4.109999999999999,AG-894-K15_contigs_mutated_BLOSUM62_AG-894-K15_a22_aad035,mutated_BLOSUM62_AG-894-K15_a22_aad035,mutated_BLOSUM62_AG-894-K15_a22_aad035,0.2249022022745126,0.35,AG-894-K15,0.7865164420218033,993580.0,0.9805233510573208,215576.0,0.9805134824674632,993570.0,215577.0,21.348355797819675,0.35140000000000005
mutated_BLOSUM62_AG-894-K15_a22_aad009,1071.0,AG-894-K15_contigs,1070.0,1066.0,90.71,3.1,99.63,0.37000000000000455,AG-894-K15_contigs_mutated_BLOSUM62_AG-894-K15_a22_aad009,mutated_BLOSUM62_AG-894-K15_a22_aad009,mutated_BLOSUM62_AG-894-K15_a22_aad009,0.05812895483738537,0.09000124945336416,AG-894-K15,0.9430968483647196,1011982.0,0.9986835301130152,58081.0,0.9986983329978012,1011997.0,58086.0,5.690315163528037,0.0929000000000001
mutated_BLOSUM62_AG-359-G18_a22_aad021,1090.0,AG-894-K15_contigs,1070.0,842.0,78.64,5.18,78.69,21.310000000000002,AG-894-K15_contigs_mutated_BLOSUM62_AG-359-G18_a22_aad021,mutated_BLOSUM62_AG-359-G18_a22_aad021,mutated_BLOSUM62_AG-359-G18_a22_aad021,0.13549071155717585,0.2100014983289046,AG-359-G18,0.8679013768115954,825595.0,0.7994257965499378,110229.0,0.8136889183630772,824524.0,110971.0,13.20986231884046,0.2136
mutated_BLOSUM62_AG-359-G18_a22_aad023,1090.0,AG-894-K15_contigs,1070.0,839.0,76.74,5.26,78.41,21.590000000000003,AG-894-K15_contigs_mutated_BLOSUM62_AG-359-G18_a22_aad023,mutated_BLOSUM62_AG-359-G18_a22_aad023,mutated_BLOSUM62_AG-359-G18_a22_aad023,0.148015705868398,0.22999960248416818,AG-359-G18,0.8558143115942037,824460.0,0.7983267730831239,120330.0,0.8126596244409444,823481.0,121081.0,14.418568840579626,0.23260000000000003
mutated_BLOSUM62_AG-359-G18_a22_aad025,1092.0,AG-894-K15_contigs,1070.0,840.0,74.61,5.54,78.5,21.5,AG-894-K15_contigs_mutated_BLOSUM62_AG-359-G18_a22_aad025,mutated_BLOSUM62_AG-359-G18_a22_aad025,mutated_BLOSUM62_AG-359-G18_a22_aad025,0.16151965412230632,0.25000076445352276,AG-359-G18,0.8424057315598549,822821.0,0.7967397250988879,131353.0,0.8110342676914211,821834.0,131999.0,15.759426844014513,0.2539
mutated_BLOSUM62_AG-359-G18_a22_aad003,1088.0,AG-894-K15_contigs,1070.0,848.0,96.66,2.0,79.25,20.75,AG-894-K15_contigs_mutated_BLOSUM62_AG-359-G18_a22_aad003,mutated_BLOSUM62_AG-359-G18_a22_aad003,mutated_BLOSUM62_AG-359-G18_a22_aad003,0.01943092855379163,0.03000021404698637,AG-359-G18,0.9799219806763264,829581.0,0.8032854507690743,16809.0,0.8176728680885331,828561.0,16855.0,2.007801932367359,0.033399999999999985
mutated_BLOSUM62_AG-894-K15_a22_aad063,1074.0,AG-894-K15_contigs,1070.0,437.0,41.68,6.52,40.84,59.16,AG-894-K15_contigs_mutated_BLOSUM62_AG-894-K15_a22_aad063,mutated_BLOSUM62_AG-894-K15_a22_aad063,mutated_BLOSUM62_AG-894-K15_a22_aad063,0.40557634538485526,0.629999375273318,AG-894-K15,0.7145861276595744,201566.0,0.1989172183208397,60364.0,0.1989172183208397,201566.0,60366.0,28.54138723404256,0.5831999999999999
mutated_BLOSUM62_AG-894-K15_a22_aad025,1076.0,AG-894-K15_contigs,1070.0,1057.0,74.76,5.69,98.79,1.2099999999999937,AG-894-K15_contigs_mutated_BLOSUM62_AG-894-K15_a22_aad025,mutated_BLOSUM62_AG-894-K15_a22_aad025,mutated_BLOSUM62_AG-894-K15_a22_aad025,0.1610080172424002,0.25,AG-894-K15,0.844817876984127,1005447.0,0.9922344066411662,157863.0,0.9922265117692802,1005439.0,157862.0,15.518212301587297,0.25239999999999996
mutated_BLOSUM62_AG-894-K15_a22_aad003,1069.0,AG-894-K15_contigs,1070.0,1066.0,96.84,1.64,99.72,0.28000000000000114,AG-894-K15_contigs_mutated_BLOSUM62_AG-894-K15_a22_aad003,mutated_BLOSUM62_AG-894-K15_a22_aad003,mutated_BLOSUM62_AG-894-K15_a22_aad003,0.0194490168910784,0.029999375273317922,AG-894-K15,0.9808671655104046,1012979.0,0.9996674285218036,19522.0,0.9996674285218036,1012979.0,19522.0,1.9132834489595352,0.03159999999999996
mutated_BLOSUM62_AG-359-G18_a22_aad051,1091.0,AG-894-K15_contigs,1070.0,654.0,50.68,7.33,61.12,38.88,AG-894-K15_contigs_mutated_BLOSUM62_AG-359-G18_a22_aad051,mutated_BLOSUM62_AG-359-G18_a22_aad051,mutated_BLOSUM62_AG-359-G18_a22_aad051,0.3293632926162084,0.5100005809846773,AG-359-G18,0.7144877173913046,591631.0,0.5728778437837393,174329.0,0.5958131520670749,603747.0,180623.0,28.551228260869543,0.49319999999999997
mutated_BLOSUM62_AG-894-K15_a22_aad045,1068.0,AG-894-K15_contigs,1070.0,938.0,56.02,7.43,87.83,12.170000000000002,AG-894-K15_contigs_mutated_BLOSUM62_AG-894-K15_a22_aad045,mutated_BLOSUM62_AG-894-K15_a22_aad045,mutated_BLOSUM62_AG-894-K15_a22_aad045,0.2898246943697721,0.45,AG-894-K15,0.7371368096234301,908518.0,0.8965791520118107,244686.0,0.8965752045758677,908514.0,244690.0,26.28631903765699,0.43979999999999997
mutated_AG-359-G18_a22_aad011,1086.0,AG-894-K15_contigs,1070.0,846.0,88.48,3.53,79.07,20.930000000000007,AG-894-K15_contigs_mutated_AG-359-G18_a22_aad011,mutated_AG-359-G18_a22_aad011,mutated_AG-359-G18_a22_aad011,0.071034679758118,0.10999874629622268,a22,0.929885664251208,828437.0,0.8021777125787352,58624.0,0.8166110078198706,827485.0,59221.0,7.0114335748792005,0.11519999999999997
mutated_BLOSUM62_AG-359-G18_a22_aad037,1091.0,AG-894-K15_contigs,1070.0,815.0,63.11,7.11,76.17,23.83,AG-894-K15_contigs_mutated_BLOSUM62_AG-359-G18_a22_aad037,mutated_BLOSUM62_AG-359-G18_a22_aad037,mutated_BLOSUM62_AG-359-G18_a22_aad037,0.23920560453552944,0.3699985628273772,AG-359-G18,0.7732191041162233,808320.0,0.7826983688942468,186683.0,0.7950037303269661,805590.0,187349.0,22.67808958837767,0.3689
mutated_BLOSUM62_AG-359-G18_a22_aad035,1089.0,AG-894-K15_contigs,1070.0,821.0,64.93,6.44,76.73,23.269999999999996,AG-894-K15_contigs_mutated_BLOSUM62_AG-359-G18_a22_aad035,mutated_BLOSUM62_AG-359-G18_a22_aad035,mutated_BLOSUM62_AG-359-G18_a22_aad035,0.22608510411673857,0.35000045867211366,AG-359-G18,0.7840121939393931,812216.0,0.7864708758781295,178460.0,0.8000564483339847,810710.0,179170.0,21.598780606060686,0.3506999999999999
mutated_BLOSUM62_AG-359-G18_a22_aad067,1090.0,AG-894-K15_contigs,1070.0,229.0,40.02,6.25,21.4,78.6,AG-894-K15_contigs_mutated_BLOSUM62_AG-359-G18_a22_aad067,mutated_BLOSUM62_AG-359-G18_a22_aad067,mutated_BLOSUM62_AG-359-G18_a22_aad067,0.43266762528625446,0.6700007032972409,AG-359-G18,0.7400084615384614,73403.0,0.07107631677051712,20525.0,0.06539519754943178,66266.0,18754.0,25.999153846153856,0.5997999999999999
mutated_AG-359-G18_a22_aad019,1087.0,AG-894-K15_contigs,1070.0,843.0,80.47,4.92,78.79,21.209999999999994,AG-894-K15_contigs_mutated_AG-359-G18_a22_aad019,mutated_AG-359-G18_a22_aad019,mutated_AG-359-G18_a22_aad019,0.12271686347417295,0.19000033635955002,a22,0.8803351570048299,825959.0,0.7997782587014094,99920.0,0.8144853135645741,825331.0,100711.0,11.96648429951701,0.19530000000000003
mutated_BLOSUM62_AG-359-G18_a22_aad001,1089.0,AG-894-K15_contigs,1070.0,850.0,98.8,1.27,79.44,20.560000000000002,AG-894-K15_contigs_mutated_BLOSUM62_AG-359-G18_a22_aad001,mutated_BLOSUM62_AG-359-G18_a22_aad001,mutated_BLOSUM62_AG-359-G18_a22_aad001,0.006521518104838124,0.009999052077631784,AG-359-G18,0.9925633212560346,829801.0,0.8034984773441396,6193.0,0.8179077405271405,828799.0,6224.0,0.7436678743965364,0.01200000000000001
mutated_AG-359-G18_a22_aad015,1086.0,AG-894-K15_contigs,1070.0,843.0,84.7,4.43,78.79,21.209999999999994,AG-894-K15_contigs_mutated_AG-359-G18_a22_aad015,mutated_AG-359-G18_a22_aad015,mutated_AG-359-G18_a22_aad015,0.09701617549516575,0.15000107023493187,a22,0.9050898671497584,827363.0,0.8011377555713711,79310.0,0.8154583565245195,826317.0,79835.0,9.491013285024163,0.15300000000000002
mutated_AG-359-G18_a22_aad017,1085.0,AG-894-K15_contigs,1070.0,842.0,82.73,4.63,78.69,21.310000000000002,AG-894-K15_contigs_mutated_AG-359-G18_a22_aad017,mutated_AG-359-G18_a22_aad017,mutated_AG-359-G18_a22_aad017,0.10994204708855612,0.16999917439019543,a22,0.8920840942028997,826964.0,0.8007514028284121,90170.0,0.8149402555570029,825792.0,90748.0,10.79159057971003,0.17269999999999996
mutated_AG-359-G18_a22_aad013,1092.0,AG-894-K15_contigs,1070.0,846.0,86.68,3.85,79.07,20.930000000000007,AG-894-K15_contigs_mutated_AG-359-G18_a22_aad013,mutated_AG-359-G18_a22_aad013,mutated_AG-359-G18_a22_aad013,0.08386953090579868,0.12999990826557728,a22,0.91740018115942,828095.0,0.80184655308477,69063.0,0.816159026404399,827027.0,69379.0,8.259981884057998,0.13319999999999999
mutated_BLOSUM62_AG-359-G18_a22_aad033,1092.0,AG-894-K15_contigs,1070.0,829.0,66.8,6.7,77.48,22.519999999999996,AG-894-K15_contigs_mutated_BLOSUM62_AG-359-G18_a22_aad033,mutated_BLOSUM62_AG-359-G18_a22_aad033,mutated_BLOSUM62_AG-359-G18_a22_aad033,0.2128174217006299,0.32999929670275907,AG-359-G18,0.7959729625151148,815473.0,0.7896246374917089,169106.0,0.8044390890896818,815151.0,170458.0,20.402703748488516,0.3320000000000001
mutated_BLOSUM62_AG-894-K15_a22_aad059,1071.0,AG-894-K15_contigs,1070.0,545.0,44.91,6.78,50.93,49.07,AG-894-K15_contigs_mutated_BLOSUM62_AG-894-K15_a22_aad059,mutated_BLOSUM62_AG-894-K15_a22_aad059,mutated_BLOSUM62_AG-894-K15_a22_aad059,0.3802407146438031,0.5900012494533642,AG-894-K15,0.7074209241706159,375424.0,0.3704905478646345,114456.0,0.37048857414666303,375422.0,114460.0,29.257907582938415,0.5509000000000001
mutated_BLOSUM62_AG-359-G18_a22_aad059,1094.0,AG-894-K15_contigs,1070.0,457.0,45.02,6.98,42.71,57.29,AG-894-K15_contigs_mutated_BLOSUM62_AG-359-G18_a22_aad059,mutated_BLOSUM62_AG-359-G18_a22_aad059,mutated_BLOSUM62_AG-359-G18_a22_aad059,0.3809612340048512,0.5899991132339136,AG-359-G18,0.7119153094462541,267371.0,0.2588960381898551,80674.0,0.2661479735837587,269692.0,83026.0,28.808469055374587,0.5498
mutated_BLOSUM62_AG-894-K15_a22_aad049,1071.0,AG-894-K15_contigs,1070.0,852.0,52.06,7.19,79.63,20.370000000000005,AG-894-K15_contigs_mutated_BLOSUM62_AG-894-K15_a22_aad049,mutated_BLOSUM62_AG-894-K15_a22_aad049,mutated_BLOSUM62_AG-894-K15_a22_aad049,0.31606922223669615,0.49000124945336415,AG-894-K15,0.7206556562137046,803439.0,0.7928809966486269,230592.0,0.7928809966486269,803439.0,230594.0,27.934434378629536,0.47939999999999994
mutated_BLOSUM62_AG-359-G18_a22_aad031,1097.0,AG-894-K15_contigs,1070.0,833.0,68.99,6.48,77.85,22.150000000000006,AG-894-K15_contigs_mutated_BLOSUM62_AG-359-G18_a22_aad031,mutated_BLOSUM62_AG-359-G18_a22_aad031,mutated_BLOSUM62_AG-359-G18_a22_aad031,0.20045122901809273,0.3100011925474955,AG-359-G18,0.8078547521160837,818375.0,0.7924346516773422,159621.0,0.8062480016105539,816984.0,160082.0,19.21452478839163,0.31010000000000004
mutated_BLOSUM62_AG-894-K15_a22_aad033,1072.0,AG-894-K15_contigs,1070.0,1044.0,66.91,6.67,97.57,2.430000000000007,AG-894-K15_contigs_mutated_BLOSUM62_AG-894-K15_a22_aad033,mutated_BLOSUM62_AG-894-K15_a22_aad033,mutated_BLOSUM62_AG-894-K15_a22_aad033,0.2127263361083808,0.3299993752733179,AG-894-K15,0.7972657638888899,996770.0,0.98367143122185,205124.0,0.98367833923475,996777.0,205132.0,20.273423611111006,0.3309000000000001
mutated_BLOSUM62_AG-359-G18_a22_aad019,1090.0,AG-894-K15_contigs,1070.0,843.0,80.62,5.07,78.79,21.209999999999994,AG-894-K15_contigs_mutated_BLOSUM62_AG-359-G18_a22_aad019,mutated_BLOSUM62_AG-359-G18_a22_aad019,mutated_BLOSUM62_AG-359-G18_a22_aad019,0.12242346778215128,0.19000033635955002,AG-359-G18,0.8805174275362316,826078.0,0.7998934867124674,99689.0,0.814559327988505,825406.0,100490.0,11.948257246376837,0.19379999999999997
mutated_BLOSUM62_AG-894-K15_a22_aad015,1076.0,AG-894-K15_contigs,1070.0,1059.0,84.55,4.17,98.97,1.0300000000000011,AG-894-K15_contigs_mutated_BLOSUM62_AG-894-K15_a22_aad015,mutated_BLOSUM62_AG-894-K15_a22_aad015,mutated_BLOSUM62_AG-894-K15_a22_aad015,0.09671908861598949,0.15,AG-894-K15,0.9058226957383552,1010404.0,0.9971262666335082,95986.0,0.997131200928437,1010409.0,95989.0,9.417730426164484,0.15450000000000008
mutated_BLOSUM62_AG-359-G18_a22_aad015,1087.0,AG-894-K15_contigs,1070.0,843.0,84.48,4.32,78.79,21.209999999999994,AG-894-K15_contigs_mutated_BLOSUM62_AG-359-G18_a22_aad015,mutated_BLOSUM62_AG-359-G18_a22_aad015,mutated_BLOSUM62_AG-359-G18_a22_aad015,0.09713430841406556,0.15000107023493187,AG-359-G18,0.9046240942028978,827740.0,0.8015028056568239,79730.0,0.8154415799217618,826300.0,80133.0,9.53759057971022,0.1552
mutated_BLOSUM62_AG-894-K15_a22_aad005,1068.0,AG-894-K15_contigs,1070.0,1063.0,94.68,2.43,99.53,0.46999999999999886,AG-894-K15_contigs_mutated_BLOSUM62_AG-894-K15_a22_aad005,mutated_BLOSUM62_AG-894-K15_a22_aad005,mutated_BLOSUM62_AG-894-K15_a22_aad005,0.0321528526145842,0.05,AG-894-K15,0.9684514767096138,1012749.0,0.9994404509550822,32202.0,0.9994453852500108,1012754.0,32203.0,3.1548523290386155,0.053199999999999914
mutated_BLOSUM62_AG-359-G18_a22_aad017,1090.0,AG-894-K15_contigs,1070.0,840.0,82.75,4.4,78.5,21.5,AG-894-K15_contigs_mutated_BLOSUM62_AG-359-G18_a22_aad017,mutated_BLOSUM62_AG-359-G18_a22_aad017,mutated_BLOSUM62_AG-359-G18_a22_aad017,0.10947435692602653,0.16999917439019543,AG-359-G18,0.8937374275362306,827183.0,0.8009634611008632,88803.0,0.8152057206241685,826061.0,89536.0,10.626257246376936,0.1725
mutated_BLOSUM62_AG-894-K15_a22_aad019,1068.0,AG-894-K15_contigs,1070.0,1057.0,80.67,4.79,98.97,1.0300000000000011,AG-894-K15_contigs_mutated_BLOSUM62_AG-894-K15_a22_aad019,mutated_BLOSUM62_AG-894-K15_a22_aad019,mutated_BLOSUM62_AG-894-K15_a22_aad019,0.12260045237615906,0.19000124945336416,AG-894-K15,0.8810545391476707,1009062.0,0.9958019018746374,121307.0,0.9957920332847798,1009052.0,121305.0,11.894546085232927,0.19330000000000003
mutated_BLOSUM62_AG-894-K15_a22_aad013,1069.0,AG-894-K15_contigs,1070.0,1061.0,86.54,4.07,99.25,0.75,AG-894-K15_contigs_mutated_BLOSUM62_AG-894-K15_a22_aad013,mutated_BLOSUM62_AG-894-K15_a22_aad013,mutated_BLOSUM62_AG-894-K15_a22_aad013,0.0837399192354606,0.12999937527331792,AG-894-K15,0.9183405550049556,1010973.0,0.9976877893963976,83289.0,0.9977065397171268,1010992.0,83298.0,8.165944499504441,0.13459999999999994
mutated_BLOSUM62_AG-359-G18_a22_aad011,1092.0,AG-894-K15_contigs,1070.0,847.0,88.54,3.6,79.16,20.840000000000003,AG-894-K15_contigs_mutated_BLOSUM62_AG-359-G18_a22_aad011,mutated_BLOSUM62_AG-359-G18_a22_aad011,mutated_BLOSUM62_AG-359-G18_a22_aad011,0.0710579190208524,0.10999874629622268,AG-359-G18,0.9299237077294688,828484.0,0.80222322280159,58539.0,0.8165675860244977,827441.0,58987.0,7.007629227053124,0.11459999999999992
mutated_BLOSUM62_AG-359-G18_a22_aad061,1090.0,AG-894-K15_contigs,1070.0,422.0,43.13,6.76,39.44,60.56,AG-894-K15_contigs_mutated_BLOSUM62_AG-359-G18_a22_aad061,mutated_BLOSUM62_AG-359-G18_a22_aad061,mutated_BLOSUM62_AG-359-G18_a22_aad061,0.3935704706434855,0.6100002752032682,AG-359-G18,0.7081287937743196,222692.0,0.2156332457019468,67992.0,0.2164013989712982,219283.0,68394.0,29.18712062256804,0.5687
mutated_BLOSUM62_AG-359-G18_a22_aad013,1087.0,AG-894-K15_contigs,1070.0,846.0,86.74,4.18,79.07,20.930000000000007,AG-894-K15_contigs_mutated_BLOSUM62_AG-359-G18_a22_aad013,mutated_BLOSUM62_AG-359-G18_a22_aad013,mutated_BLOSUM62_AG-359-G18_a22_aad013,0.084052540099832,0.12999990826557728,AG-359-G18,0.9177661594202888,827895.0,0.8016528925619835,68762.0,0.8161363286477269,827004.0,69334.0,8.223384057971117,0.13260000000000005
mutated_BLOSUM62_AG-894-K15_a22_aad001,1068.0,AG-894-K15_contigs,1070.0,1067.0,98.88,1.14,99.91,0.09000000000000341,AG-894-K15_contigs_mutated_BLOSUM62_AG-894-K15_a22_aad001,mutated_BLOSUM62_AG-894-K15_a22_aad001,mutated_BLOSUM62_AG-894-K15_a22_aad001,0.0065616253962238824,0.009998750546635847,AG-894-K15,0.9935733696729392,1013184.0,0.9998697346138816,6576.0,0.9998697346138816,1013184.0,6576.0,0.6426630327060812,0.011200000000000099
mutated_BLOSUM62_AG-359-G18_a22_aad055,1089.0,AG-894-K15_contigs,1070.0,553.0,47.66,7.31,51.68,48.32,AG-894-K15_contigs_mutated_BLOSUM62_AG-359-G18_a22_aad055,mutated_BLOSUM62_AG-359-G18_a22_aad055,mutated_BLOSUM62_AG-359-G18_a22_aad055,0.3549613405181387,0.5499998471092955,AG-359-G18,0.7090727215189875,429394.0,0.4157833326071064,129470.0,0.4167919977578564,422342.0,128426.0,29.09272784810125,0.5234000000000001
mutated_BLOSUM62_AG-359-G18_a22_aad039,1085.0,AG-894-K15_contigs,1070.0,797.0,61.24,7.02,74.49,25.510000000000005,AG-894-K15_contigs_mutated_BLOSUM62_AG-359-G18_a22_aad039,mutated_BLOSUM62_AG-359-G18_a22_aad039,mutated_BLOSUM62_AG-359-G18_a22_aad039,0.25152725529782566,0.3899997247967318,AG-359-G18,0.764309707317074,798335.0,0.7730298672941268,192148.0,0.7829581295469528,793384.0,191841.0,23.569029268292596,0.38759999999999994
mutated_BLOSUM62_AG-894-K15_a22_aad007,1066.0,AG-894-K15_contigs,1070.0,1059.0,92.65,2.82,99.34,0.6599999999999966,AG-894-K15_contigs_mutated_BLOSUM62_AG-894-K15_a22_aad007,mutated_BLOSUM62_AG-894-K15_a22_aad007,mutated_BLOSUM62_AG-894-K15_a22_aad007,0.045166562059614175,0.07000062472668207,AG-894-K15,0.9556718334985158,1012420.0,0.9991157743487716,45184.0,0.9991138006308002,1012418.0,45185.0,4.432816650148419,0.0734999999999999
mutated_AG-359-G18_a22_aad023,1087.0,AG-894-K15_contigs,1070.0,839.0,76.67,5.46,78.41,21.590000000000003,AG-894-K15_contigs_mutated_AG-359-G18_a22_aad023,mutated_AG-359-G18_a22_aad023,mutated_AG-359-G18_a22_aad023,0.14837300953293922,0.22999960248416818,a22,0.8559525120772945,824770.0,0.7986269468934432,120160.0,0.8123250792447766,823142.0,120701.0,14.40474879227055,0.23329999999999995
mutated_BLOSUM62_AG-894-K15_a22_aad021,1074.0,AG-894-K15_contigs,1070.0,1062.0,78.74,5.05,99.25,0.75,AG-894-K15_contigs_mutated_BLOSUM62_AG-894-K15_a22_aad021,mutated_BLOSUM62_AG-894-K15_a22_aad021,mutated_BLOSUM62_AG-894-K15_a22_aad021,0.13532895957430852,0.20999875054663586,AG-894-K15,0.8689199900891972,1007884.0,0.9946393819894288,133490.0,0.9946462900023291,1007891.0,133492.0,13.108000991080281,0.2126
mutated_AG-359-G18_a22_aad021,1095.0,AG-894-K15_contigs,1070.0,845.0,78.78,5.25,78.97,21.03,AG-894-K15_contigs_mutated_AG-359-G18_a22_aad021,mutated_AG-359-G18_a22_aad021,mutated_AG-359-G18_a22_aad021,0.13566500602768378,0.2100014983289046,a22,0.8679437122128182,824884.0,0.7987373333914315,110118.0,0.8133050302176221,824135.0,110521.0,13.205628778718182,0.21219999999999994
mutated_BLOSUM62_AG-894-K15_a22_aad069,1076.0,AG-894-K15_contigs,1070.0,238.0,39.34,6.32,22.24,77.76,AG-894-K15_contigs_mutated_BLOSUM62_AG-894-K15_a22_aad069,mutated_BLOSUM62_AG-894-K15_a22_aad069,mutated_BLOSUM62_AG-894-K15_a22_aad069,0.4450605734045451,0.6900012494533642,AG-894-K15,0.7746629761904761,68084.0,0.06718930718551765,16878.0,0.06718930718551765,68084.0,16879.0,22.53370238095239,0.6066
mutated_AG-359-G18_a22_aad025,1092.0,AG-894-K15_contigs,1070.0,843.0,74.6,5.52,78.79,21.209999999999994,AG-894-K15_contigs_mutated_AG-359-G18_a22_aad025,mutated_AG-359-G18_a22_aad025,mutated_AG-359-G18_a22_aad025,0.16123884636426575,0.25000076445352276,a22,0.843762946859904,823371.0,0.797272291536551,130236.0,0.8117615827639157,822571.0,131374.0,15.623705314009595,0.254
mutated_BLOSUM62_AG-894-K15_a22_aad051,1068.0,AG-894-K15_contigs,1070.0,833.0,50.61,6.93,78.0,22.0,AG-894-K15_contigs_mutated_BLOSUM62_AG-894-K15_a22_aad051,mutated_BLOSUM62_AG-894-K15_a22_aad051,mutated_BLOSUM62_AG-894-K15_a22_aad051,0.328881612448634,0.5099987505466358,AG-894-K15,0.7155288316582914,734995.0,0.7253364202282407,215253.0,0.7253502362540412,735009.0,215261.0,28.44711683417086,0.4939
AG-894-K15_contigs,1070.0,mutated_BLOSUM62_AG-894-K15_a22_aad067,1069.0,282.0,40.35,6.5,26.38,73.62,AG-894-K15_contigs_mutated_BLOSUM62_AG-894-K15_a22_aad067,mutated_BLOSUM62_AG-894-K15_a22_aad067,mutated_BLOSUM62_AG-894-K15_a22_aad067,0.43210706235764557,0.6700006247266821,AG-894-K15,0.7561687610619471,95076.0,0.09382660492876853,24964.0,0.0938216706338398,95071.0,24968.0,24.38312389380529,0.5965
mutated_BLOSUM62_AG-894-K15_a22_aad027,1071.0,AG-894-K15_contigs,1070.0,1045.0,72.71,5.95,97.66,2.3400000000000034,AG-894-K15_contigs_mutated_BLOSUM62_AG-894-K15_a22_aad027,mutated_BLOSUM62_AG-894-K15_a22_aad027,mutated_BLOSUM62_AG-894-K15_a22_aad027,0.1740158055335157,0.27000062472668207,AG-894-K15,0.8326422101090184,1004320.0,0.9911222165642308,170168.0,0.9911271508591596,1004325.0,170171.0,16.73577898909816,0.27290000000000003
mutated_BLOSUM62_AG-894-K15_a22_aad055,1074.0,AG-894-K15_contigs,1070.0,722.0,47.54,6.93,67.48,32.519999999999996,AG-894-K15_contigs_mutated_BLOSUM62_AG-894-K15_a22_aad055,mutated_BLOSUM62_AG-894-K15_a22_aad055,mutated_BLOSUM62_AG-894-K15_a22_aad055,0.3544767871029373,0.55,AG-894-K15,0.7094427669902902,559148.0,0.5518002281617975,167987.0,0.551802201879769,559150.0,167988.0,29.055723300970982,0.5246
mutated_BLOSUM62_AG-894-K15_a22_aad023,1066.0,AG-894-K15_contigs,1070.0,1049.0,76.63,5.26,98.41,1.5900000000000034,AG-894-K15_contigs_mutated_BLOSUM62_AG-894-K15_a22_aad023,mutated_BLOSUM62_AG-894-K15_a22_aad023,mutated_BLOSUM62_AG-894-K15_a22_aad023,0.14824694369772115,0.22999937527331793,AG-894-K15,0.8566573042616462,1006714.0,0.9934847569761062,145760.0,0.9934956124249492,1006725.0,145767.0,14.334269573835378,0.23370000000000002
mutated_BLOSUM62_AG-894-K15_a22_aad039,1072.0,AG-894-K15_contigs,1070.0,1012.0,61.5,6.62,94.58,5.420000000000002,AG-894-K15_contigs_mutated_BLOSUM62_AG-894-K15_a22_aad039,mutated_BLOSUM62_AG-894-K15_a22_aad039,mutated_BLOSUM62_AG-894-K15_a22_aad039,0.2513924580288873,0.3900012494533642,AG-894-K15,0.7632309325396819,983695.0,0.9707682499832234,237276.0,0.9707593682523517,983686.0,237279.0,23.67690674603181,0.385
mutated_BLOSUM62_AG-359-G18_a22_aad007,1089.0,AG-894-K15_contigs,1070.0,847.0,92.61,2.84,79.16,20.840000000000003,AG-894-K15_contigs_mutated_BLOSUM62_AG-359-G18_a22_aad007,mutated_BLOSUM62_AG-359-G18_a22_aad007,mutated_BLOSUM62_AG-359-G18_a22_aad007,0.0454250122248205,0.06999948017160453,AG-359-G18,0.9548693599033822,829168.0,0.8028855417895201,37729.0,0.8171014767357863,827982.0,37925.0,4.5130640096617824,0.07389999999999997
,,,,,,,,,AG-359-G18_contigs_AG-894-K15_contigs,,,,,,0.9990945048309194,828863.0,0.8179708995022283,742.0,0.8035991808159886,829905.0,785.0,0.09054951690805613,
