"GND","100","99.9","99.5","99","98.5","98","97.5","97","95"
40.05,9.20859734189893e-14,9.20859734189893e-14,3.865895350685613e-11,1.5989764053567438e-9,1.1840675254851364e-8,7.888163977014049e-8,2.6547739173958304e-7,9.389348177118542e-7,0.000023012877033473903
39.949999999999996,9.385388454330428e-14,9.385388454330428e-14,3.9393830107233045e-11,1.6289943778272503e-9,1.2060733603822262e-8,8.032913404871009e-8,2.702992356459399e-7,9.557694060088117e-7,0.0000234062857230427
39.849999999999994,9.566019987874395e-14,9.566019987874395e-14,4.014451210887157e-11,1.6596498841932114e-9,1.2285418269361462e-8,8.180666978520463e-8,2.7522011513150413e-7,9.72945232200671e-7,0.000023807288225759937
39.75,9.750585110749572e-14,9.750585110749572e-14,4.091137912575036e-11,1.690958043551622e-9,1.2514837840480692e-8,8.331494296970521e-8,2.8024230044694245e-7,9.904700143246897e-7,0.000024216047880097714
39.65,9.939179488965675e-14,9.939179488965675e-14,4.169482084703207e-11,1.722934371165168e-9,1.2749103722084338e-8,8.485466740325086e-8,2.8536811931835683e-7,1.0083516631562308e-6,0.000024632731898033276
39.55,1.0131901359687971e-13,1.0131901359687971e-13,4.2495237330004577e-11,1.7555947898331982e-9,1.2988330214946554e-8,8.642657519696539e-8,2.905999585404122e-7,1.0265982874770406e-6,0.000025057511465440226
39.449999999999996,1.0328851606945477e-13,1.0328851606945477e-13,4.331303930231268e-11,1.7889556416176156e-9,1.3232634598158368e-8,8.803141728639071e-8,2.959402656174664e-7,1.0452181995000044e-6,0.000025490561845299236
39.349999999999994,1.0530133839764018e-13,1.0530133839764018e-13,4.4148648473632574e-11,1.8230336999356958e-9,1.348213721412726e-8,8.966996396152779e-8,3.013915504542581e-7,1.0642199204557725e-6,0.00002593206248381862
39.25,1.0735854472807862e-13,1.0735854472807862e-13,4.50024978575304e-11,1.8578461820322032e-9,1.3736961556214488e-8,9.134300541310249e-8,3.069563870977713e-7,1.0836121863442141e-6,0.00002638219711955267
39.15,1.0946122809617037e-13,1.0946122809617037e-13,4.587503210329417e-11,1.893410761843669e-9,1.3997234359098546e-8,9.305135229559286e-8,3.1263741553196016e-7,1.1034039538615834e-6,0.000026841153895603295
39.05,1.1161051128530819e-13,1.1161051128530819e-13,4.6766707838505364e-11,1.9297455832681935e-9,1.4263085691956682e-8,9.479583630757442e-8,3.1843734352704093e-7,1.1236044065017197e-6,0.00002730912547500759
38.949999999999996,1.1380754771390775e-13,1.1380754771390775e-13,4.7677994022550704e-11,1.966869273854549e-9,1.4534649054559241e-8,9.657731078995859e-8,3.243589485451733e-7,1.1442229608423803e-6,0.00002778630915940256
38.849999999999994,1.1605352235132326e-13,1.1605352235132326e-13,4.86093723114818e-11,2.0048009589249304e-9,1.481206147637529e-8,9.839665134272086e-8,3.304050797043802e-7,1.165269273020537e-6,0.00002827290701106935
38.75,1.1834965266286948e-13,1.1834965266286948e-13,4.956133743461554e-11,2.0435602761461795e-9,1.509546361879147e-8,1.0025475646073428e-7,3.3657865980260064e-7,1.1867532454031484e-6,0.000028769125978460406
38.65,1.206971895873269e-13,1.206971895873269e-13,5.0534397583284746e-11,2.0831673905649016e-9,1.53849998805499e-8,1.0215254818935094e-7,3.428826874039138e-7,1.2086850334597949e-6,0.00002927517802531833
38.55,1.230974185441728e-13,1.230974185441728e-13,5.152907481216167e-11,2.123643010122406e-9,1.568081850651441e-8,1.0409097280039056e-7,3.4932023898895906e-7,1.231075052843726e-6,0.00002979128026349438
38.449999999999996,1.2555166047547152e-13,1.2555166047547152e-13,5.2545905453595065e-11,2.165008401666052e-9,1.598307169987902e-8,1.0607100148922584e-7,3.558944711716936e-7,1.2539339866882105e-6,0.000030317655089582526
38.349999999999994,1.2806127292133436e-13,1.2806127292133436e-13,5.3585440545416165e-11,2.207285407474162e-9,1.629191573793614e-8,1.0809363109367415e-7,3.626086229847161e-7,1.2772727931252219e-6,0.0000308545303228922
38.25,1.3062765113090872e-13,1.3062765113090872e-13,5.4648246272686864e-11,2.2504964623122655e-9,1.660751109152656e-8,1.101598848354321e-7,3.6946601823542687e-7,1.301102713033764e-6,0.00003140213936304794
38.15,1.3325222921005294e-13,1.3325222921005294e-13,5.573490442388236e-11,2.294664611039229e-9,1.693002254829794e-8,1.1227081308481939e-7,3.7647006793540264e-7,1.3254352780254147e-6,0.000031960721312842625
38.05,1.359364813070062e-13,1.359364813070062e-13,5.6846012862016543e-11,2.3398135267823264e-9,1.725961933990289e-8,1.144274941496211e-7,3.836242728054509e-7,1.3502823186750101e-6,0.00003253052115730594
37.949999999999996,1.3868192283741451e-13,1.3868192283741451e-13,5.798218601124055e-11,2.385967529701212e-9,1.759647527327269e-8,1.1663103508884984e-7,3.9093222585887917e-7,1.375655973004461e-6,0.00003311178990829277
37.849999999999994,1.4149011175012233e-13,1.4149011175012233e-13,5.914405535946285e-11,2.4331516063613553e-9,1.794076886610792e-8,1.1888257255227873e-7,3.9839761506563187e-7,1.4015686952281844e-6,0.00003370478476922775
37.75,1.4436264983520054e-13,1.4436264983520054e-13,6.033226997756252e-11,2.481391429738402e-9,1.8292683486732414e-8,1.2118327364662738e-7,4.060242261000048e-7,1.4280332647688998e-6,0.000034309769301984285
37.65,1.4730118407573118e-13,1.4730118407573118e-13,6.154749705578642e-11,2.530713379875605e-9,1.865240749846226e-8,1.235343368293145e-7,4.138159451748076e-7,1.4550627955527357e-6,0.000034927013598643126
37.55,1.503074080449311e-13,1.503074080449311e-13,6.279042245794556e-11,2.581144565217406e-9,1.9020134408647426e-8,1.259369928307241e-7,4.217767619648737e-7,1.482670745593048e-6,0.000035556794458281506
37.449999999999996,1.5338306335026266e-13,1.5338306335026266e-13,6.406175129404978e-11,2.6327128446430863e-9,1.939606302254957e-8,1.2839250560597108e-7,4.2991077262298745e-7,1.5108709268725682e-6,0.00003619939556895377
37.349999999999994,1.5652994112623415e-13,1.5652994112623415e-13,6.53622085120432e-11,2.6854468502253222e-9,1.9780397602225496e-8,1.309021733171832e-7,4.382221828913645e-7,1.53967751553404e-6,0.00003685510769502812
37.25,1.597498835776714e-13,1.597498835776714e-13,6.669253950932996e-11,2.739376010739425e-9,2.0173348030592524e-8,1.3346732934735835e-7,4.467153113119766e-7,1.569105062389602e-6,0.000037524228870047055
37.15,1.6304478557529977e-13,1.6304478557529977e-13,6.805351076480488e-11,2.794530575950022e-9,2.0575129980858e-8,1.3608934334689276e-7,4.553945925391098e-7,1.599168503759746e-6,0.00003820706459529002
37.05,1.6641659630555548e-13,1.6641659630555548e-13,6.944591049213248e-11,2.850941641702953e-9,2.0985965091502798e-8,1.3876962231391753e-7,4.64264580757639e-7,1.6298831726530086e-6,0.000038903928044216714
36.949999999999996,1.6986732097662032e-13,1.6986732097662032e-13,7.087054931504803e-11,2.9086411758513103e-9,2.1406081147015627e-8,1.4150961170962577e-7,4.7332995321071163e-7,1.66126481029801e-6,0.000039615140272981266
36.849999999999994,1.733990225827501e-13,1.733990225827501e-13,7.232826096613476e-11,2.9676620450454945e-9,2.1835712264582155e-8,1.4431079660981206e-7,4.825955138406117e-7,1.6933295780397272e-6,0.000040341030437211235
36.75,1.7701382372904995e-13,1.7701382372904995e-13,7.381990300599643e-11,3.0280380424185047e-9,2.2275099086941342e-8,1.4717470289389692e-7,4.920661970466867e-7,1.726094069612511e-6,0.0000410819360152503
36.65,1.807139085189392e-13,1.807139085189392e-13,7.534635757346754e-11,3.089803916198779e-9,2.2724488981629062e-8,1.501028984727558e-7,5.017470715644761e-7,1.7595753238027206e-6,0.00004183820303807624
36.55,1.8450152450662596e-13,1.8450152450662596e-13,7.69085321547476e-11,3.1529953992841053e-9,2.318413624683732e-8,1.5309699455671528e-7,5.116433444701813e-7,1.7937908375142885e-6,0.000042610186326104136
36.449999999999996,1.88378984717023e-13,1.88378984717023e-13,7.85073603821409e-11,3.2176492398116033e-9,2.3654302324127002e-8,1.5615864696514412e-7,5.217603653149302e-7,1.8287585792511096e-6,0.00004339824973310046
36.349999999999994,1.9234866973561591e-13,1.9234866973561591e-13,8.014380285948396e-11,3.2838032327599993e-9,2.413525601824064e-8,1.5928955747910926e-7,5.32103630393324e-7,1.8644970030306183e-6,0.00004420276639744005
36.25,1.964130298709061e-13,1.964130298709061e-13,8.181884801591962e-11,3.3514962526218266e-9,2.4627273724270835e-8,1.6249147523862543e-7,5.42678787151006e-7,1.901025062743374e-6,0.0000450241190009373
36.15,2.0057458739215562e-13,2.0057458739215562e-13,8.353351298907305e-11,3.420768287184852e-9,2.5130639662451547e-8,1.6576619818609428e-7,5.534916387361504e-7,1.938362226974182e-6,0.000045862700035504325
36.05,2.048359388452604e-13,2.048359388452604e-13,8.528884453871888e-11,3.491660472463212e-9,2.5645646120847044e-8,1.6911557455757194e-7,5.6454814869992e-7,1.9765284943007575e-6,0.0000467189120778895
35.949999999999996,2.0919975744971536e-13,2.0919975744971536e-13,8.708591999208506e-11,3.5642151288208432e-9,2.6172593706227578e-8,1.7254150442359007e-7,5.758544458511746e-7,2.015544409086488e-6,0.000047593168072755085
35.849999999999994,2.1366879557996174e-13,2.1366879557996174e-13,8.892584822197002e-11,3.638475798330901e-9,2.6711791603428423e-8,1.7604594128129783e-7,5.874168292709112e-7,2.0554310777845463e-6,0.00004848589162437655
35.75,2.182458873329159e-13,2.182458873329159e-13,9.080977065891088e-11,3.714487283417134e-9,2.7263557843503794e-8,1.7963089369978123e-7,5.99241773492108e-7,2.0962101857713175e-6,0.00004939751729723584
35.65,2.2293395118850983e-13,2.2293395118850983e-13,9.273886233804656e-11,3.792295686824657e-9,2.7828219580997484e-8,1.8329842702047588e-7,6.113359338508424e-7,2.1379040147276316e-6,0.00005032849092580971
35.55,2.277359927620285e-13,2.277359927620285e-13,9.471433298583082e-11,3.871948452969523e-9,2.840611338066474e-8,1.870506651146628e-7,6.237061520148368e-7,2.180535460586985e-6,0.0000512792699338483
35.449999999999996,2.326551076553573e-13,2.326551076553573e-13,9.673742813840042e-11,3.953494410718609e-9,2.8997585513994484e-8,1.9088979220012556e-7,6.363594616957629e-7,2.2241280520708566e-6,0.00005225032366346476
35.349999999999994,2.3769448440948106e-13,2.3769448440948106e-13,9.880943030585472e-11,4.03698381765325e-9,2.9602992265893354e-8,1.948180547191145e-7,6.493030945519138e-7,2.2687059698317935e-6,0.00005324213371435407
35.25,2.428574075623821e-13,2.428574075623821e-13,1.0093166017431581e-10,4.122468405872248e-9,3.02227002519082e-8,1.9883776327985694e-7,6.625444862881044e-7,2.3142940662257956e-6,0.00005425519429348214
35.15,2.481472608164077e-13,2.481472608164077e-13,1.0310547785119783e-10,4.210001429392233e-9,3.0857086746378974e-8,2.0295129466393964e-7,6.760912829599079e-7,2.360917885736335e-6,0.00005529001257559072
35.05,2.535675303193296e-13,2.535675303193296e-13,1.0533228415466313e-10,4.2996377132053445e-9,3.1506540021927404e-8,2.0716109390196738e-7,6.899513474896025e-7,2.4086036862514317e-6,0.00005634710907438064
34.949999999999996,2.5912180806353023e-13,2.5912180806353023e-13,1.076135219489696e-10,4.391433704057243e-9,3.217145970070729e-8,2.114696764200251e-7,7.041327664015844e-7,2.4573784601535118e-6,0.00005742701802822243
34.849999999999994,2.648137954078974e-13,2.648137954078974e-13,1.0995067752746762e-10,4.48544752301036e-9,3.2852257117854604e-8,2.1587963025953712e-7,7.186438567851361e-7,2.5072699578944777e-6,0.000058530287790366784
34.75,2.7064730672722447e-13,2.7064730672722447e-13,1.1234528204508853e-10,4.581739019860415e-9,3.35493556976039e-8,2.203936183732449e-7,7.334931734929136e-7,2.5583067105711697e-6,0.000059657481241404245
34.65,2.7662627319410955e-13,2.7662627319410955e-13,1.1479891300223969e-10,4.680369829623411e-9,3.426319134255951e-8,2.2501438100012175e-7,7.486895165837488e-7,2.6105180541460356e-6,0.00006080917620704454
34.55,2.8275474669854895e-13,2.8275474669854895e-13,1.1731319578209872e-10,4.781403430140231e-9,3.4994212836454654e-8,2.29744738122155e-7,7.642419390188351e-7,2.663934154300413e-6,0.00006198596589204751
34.449999999999996,2.890369039106518e-13,2.890369039106518e-13,1.1988980524338828e-10,4.884905203954681e-9,3.5742882261299956e-8,2.345875920060512e-7,7.801597546198693e-7,2.71858603192287e-6,0.00006318845932729033
34.349999999999994,2.9547705049213635e-13,2.9547705049213635e-13,1.2253046737079282e-10,4.990942499412549e-9,3.650967542904834e-8,2.395459298330294e-7,7.96452546300752e-7,2.774505590454494e-6,0.00006441728183091866
34.25,3.020796254624653e-13,3.020796254624653e-13,1.252369609852761e-10,5.099584696196844e-9,3.729508232854579e-8,2.446228264200082e-7,8.131301745802931e-7,2.831725642147095e-6,0.00006567307548406695
34.15,3.0884920572580805e-13,3.0884920572580805e-13,1.2801111951664717e-10,5.2109032723063174e-9,3.8099607588306887e-8,2.4982144703561313e-7,8.302027863884067e-7,2.8902799372287133e-6,0.00006695649962164126
34.05,3.1579051076520395e-13,3.1579051076520395e-13,1.3085483284082707e-10,5.324971873593823e-9,3.892377095572122e-8,2.551450503145814e-7,8.476808241758047e-7,2.9502031930458056e-6,0.00006826823133867558
33.949999999999996,3.22908407510612e-13,3.22908407510612e-13,1.3377004918437103e-10,5.441866385811681e-9,3.9768107793321496e-8,2.605969912742756e-7,8.655750353386622e-7,3.0115311243892224e-6,0.00006960896601279951
33.849999999999994,3.3020791538781926e-13,3.3020791538781926e-13,1.3675877709890347e-10,5.561665009261626e-9,4.0633169592768905e-8,2.661807244371709e-7,8.838964819700928e-7,3.0743004748748806e-6,0.00007097941784336496
33.75,3.3769421155546703e-13,3.3769421155546703e-13,1.3982308750824737e-10,5.684448336151357e-9,4.151952450724117e-8,2.718998070633463e-7,9.026565509505394e-7,3.138549049375881e-6,0.0000723803204078031
33.65,3.453726363377822e-13,3.453726363377822e-13,1.4296511583113761e-10,5.810299430763646e-9,4.242775790293427e-8,2.777579024971687e-7,9.218669643899396e-7,3.204315747576275e-6,0.00007381242723581131
33.55,3.532486988609064e-13,3.532486988609064e-13,1.4618706418253638e-10,5.939303912548522e-9,4.335847293041953e-8,2.83758783632482e-7,9.415397904348288e-7,3.2716405986753845e-6,0.00007527651240197757
33.449999999999996,3.613280829011091e-13,3.613280829011091e-13,1.4949120365670334e-10,6.071550042254055e-9,4.431229111663079e-8,2.8990633650096787e-7,9.616874544542136e-7,3.340564797287693e-6,0.00007677337113748281
33.349999999999994,3.6961665295345426e-13,3.6961665295345426e-13,1.5287987669529475e-10,6.207128811215423e-9,4.528985297828364e-8,2.962045639882262e-7,9.823227506184923e-7,3.411130740582486e-6,0.00007830382046154534
33.25,3.7812046052994474e-13,3.7812046052994474e-13,1.5635549954392573e-10,6.346134033927974e-9,4.629181865754224e-8,3.026575896826365e-7,1.0034588538864527e-6,3.4833820667096297e-6,0.00007986869983328995
33.15,3.868457506965073e-13,3.868457506965073e-13,1.599205648007625e-10,6.488662444034488e-9,4.731886858096661e-8,3.092696618620564e-7,1.0251093324157576e-6,3.5573636945596523e-6,0.00008146887182475528
33.05,3.9579896885862945e-13,3.9579896885862945e-13,1.6357764406087677e-10,6.634813793863001e-9,4.8371704142249115e-8,3.1604515762371423e-7,1.0472881604131758e-6,3.633121864907941e-6,0.00008310522281577421
32.949999999999996,4.0498676780585974e-13,4.0498676780585974e-13,1.6732939066025004e-10,6.784690957657137e-9,4.945104841022858e-8,3.2298858716284576e-7,1.0700097314413768e-6,3.7107041829923195e-6,0.00008477866371149628
32.849999999999994,4.1441601502587157e-13,4.1441601502587157e-13,1.7117854252349466e-10,6.938400038647062e-9,5.055764686276748e-8,3.301045982058739e-7,1.0932888721997393e-6,3.7901596625961055e-6,0.00008649013068334757
32.75,4.240938002992284e-13,4.240938002992284e-13,1.7512792511952388e-10,7.096050480115547e-9,5.169226814768613e-8,3.373979806041524e-7,1.1171408567975673e-6,3.871538771647767e-6,0.00008824058593424734
32.65,4.3402744358651743e-13,4.3402744358651743e-13,1.7918045452960266e-10,7.257755180620389e-9,5.285570487180361e-8,3.448736710945724e-7,1.1415814215385732e-6,3.954893479456074e-6,0.00009003101848893852
32.55,4.442245032200104e-13,4.442245032200104e-13,1.8333914063239463e-10,7.423630613541111e-9,5.4048774419206575e-8,3.5253675823356573e-7,1.166626780236456e-6,4.040277305596784e-6,0.00009186244501032289
32.449999999999996,4.546927844125835e-13,4.546927844125835e-13,1.8760709041083693e-10,7.593796951126305e-9,5.5272319799918804e-8,3.6039248751135134e-7,1.1922936400822982e-6,4.127745370532054e-6,0.00009373591064271732
32.349999999999994,4.654403480971681e-13,4.654403480971681e-13,1.9198751138587484e-10,7.768378193222913e-9,5.652721053018951e-8,3.6844626665351975e-7,1.2185992180850817e-6,4.21735444802586e-6,0.00009565248988298867
32.25,4.764755201106435e-13,4.764755201106435e-13,1.9648371518232656e-10,7.947502300881116e-9,5.781434354152586e-8,3.767036714966117e-7,1.2455612581078096e-6,4.309163019424528e-6,0.00009761328748056307
32.15,4.87806900736666e-13,4.87806900736666e-13,2.0109912123237288e-10,8.131301335032434e-9,5.9134644148853857e-8,3.8517044979086343e-7,1.2731980485225387e-6,4.4032313298733935e-6,0.00009961943936732996
32.05,4.994433746226141e-13,4.994433746226141e-13,2.0583726062241518e-10,8.319911600450194e-9,6.048906699201945e-8,3.938525309018342e-7,1.3015284405085653e-6,4.499621446544741e-6,0.00010167211361852485
31.95,5.113941210865208e-13,5.113941210865208e-13,2.1070178008930756e-10,8.513473795225911e-9,6.187859709738395e-8,4.027560281465739e-7,1.3305718670190861e-6,4.598397318954467e-6,0.00010377251144568444
31.849999999999998,5.236686248305832e-13,5.236686248305832e-13,2.156964461722389e-10,8.712133165893734e-9,6.330425091568788e-8,4.1188724704586105e-7,1.360348362442825e-6,4.699624841448536e-6,0.0001059218682228444
31.75,5.362766870785741e-13,5.362766870785741e-13,2.2082514952680922e-10,8.916039668674966e-9,6.476707742499541e-8,4.212526915379818e-7,1.390878582987936e-6,4.803371917943168e-6,0.00010812145454716032
31.650000000000002,5.492284371553292e-13,5.492284371553292e-13,2.260919094081701e-10,9.125348136781321e-9,6.626815927126242e-8,4.308590708181767e-7,1.4221838278170713e-6,4.9097085290071105e-6,0.00011037257733520961
31.55,5.625343445272689e-13,5.625343445272689e-13,2.315008783303818e-10,9.340218454264932e-9,6.780861395241336e-8,4.4071330643445766e-7,1.4542860609633528e-6,5.018706801376898e-6,0.00011267658095651749
31.45,5.762052313238135e-13,5.762052313238135e-13,2.3705634690948457e-10,9.56081573659526e-9,6.938959504772008e-8,4.508225396502013e-7,1.487207934058524e-6,5.1304410800008004e-6,0.00011503484840404173
31.349999999999998,5.902522853604791e-13,5.902522853604791e-13,2.427627488981177e-10,9.787310518260518e-9,7.101229349435615e-8,4.6119413908435336e-7,1.5209728099057235e-6,5.244988002710654e-6,0.0001174488025071354
31.25,6.046870736853775e-13,6.046870736853775e-13,2.4862466641988076e-10,1.001987894768867e-8,7.26779389130835e-8,4.7183570864055534e-7,1.5556047869309159e-6,5.362426577625016e-6,0.00011991990718280693
31.150000000000002,6.195215566718903e-13,6.195215566718903e-13,2.5464683541200616e-10,1.0258702989799226e-8,7.438780098511595e-8,4.827550957370057e-7,1.5911287245481613e-6,5.4828382633916585e-6,0.00012244966873109609
31.05,6.347681026813309e-13,6.347681026813309e-13,2.6083415128531304e-10,1.0503970636503073e-8,7.614319088229671e-8,4.939603998493834e-7,1.6275702694759128e-6,5.606307052381718e-6,0.00012503963717437229
30.95,6.504395033205322e-13,6.504395033205322e-13,2.671916748108202e-10,1.0755876125495213e-8,7.794546275281957e-8,5.054599813797009e-7,1.664955883042505e-6,5.732919556953012e-6,0.00012769140764238153
30.849999999999998,6.665489893204746e-13,6.665489893204746e-13,2.737246382428432e-10,1.1014620167688245e-8,7.97960152648295e-8,5.172624708645365e-7,1.703312869521418e-6,5.862765098904457e-6,0.00013040662180526395
30.75,6.831102470632979e-13,6.831102470632979e-13,2.8043845168884213e-10,1.1280410183657557e-8,8.1696293210337e-8,5.293767785366715e-7,1.7426694055378983e-6,5.995935802249221e-6,0.00013318696935493688
30.650000000000002,7.001374357863292e-13,7.001374357863292e-13,2.8733870973678333e-10,1.155346054945896e-8,8.364778917199691e-8,5.41812104254798e-7,1.783054570590954e-6,6.132526689439788e-6,0.00013603418953856246
30.55,7.176452054931561e-13,7.176452054931561e-13,2.9443119835127374e-10,1.1833992852374126e-8,8.565204525541483e-8,5.545779478166161e-7,1.8244983787366556e-6,6.272635781183066e-6,0.00013895007274449057
30.45,7.356487156031322e-13,7.356487156031322e-13,3.0172190205025147e-10,1.2122236156628593e-8,8.771065488976544e-8,5.676841196713025e-7,1.8670318114786608e-6,6.4163641999908654e-6,0.00014193646214331283
30.349999999999998,7.541636543723029e-13,7.541636543723029e-13,3.092170113745948e-10,1.2418427280027183e-8,8.982526469963851e-8,5.811407520480973e-7,1.9106868519201328e-6,6.5638162776160905e-6,0.00014499525538591882
30.25,7.732062591202223e-13,7.732062591202223e-13,3.1692293066356036e-10,1.2722811081593493e-8,9.199757645115501e-8,5.94958310518444e-7,1.9554965202234865e-6,6.7150996665324734e-6,0.00014812840636072548
30.150000000000002,7.927933372988856e-13,7.927933372988856e-13,3.2484628614964494e-10,1.3035640760848148e-8,9.422934907554354e-8,6.091476060099694e-7,2.0014949104363564e-6,6.870325455622119e-6,0.00015133792701271808
30.05,8.129422884416525e-13,8.129422884416525e-13,3.3299393438688e-10,1.335717816920781e-8,9.652240077350837e-8,6.237198072913755e-7,2.0487172287390437e-6,7.029608290242222e-6,0.00015462588922355352
29.95,8.336711270319777e-13,8.336711270319777e-13,3.4137297102784737e-10,1.368769413403554e-8,9.88786112038762e-8,6.38686453948183e-7,2.0971998331728393e-6,7.193066496849969e-6,0.00015799442676428147
29.849999999999998,8.549985063336089e-13,8.549985063336089e-13,3.499907399644562e-10,1.4027468795899199e-8,1.0129992376017492e-7,6.540594698702183e-7,2.1469802749114208e-6,7.360822212372818e-6,0.0001614457373079279
29.75,8.76943743226015e-13,8.76943743226015e-13,3.588548428492126e-10,1.4376791959619266e-8,1.0378834793896033e-7,6.698511772726242e-7,2.198097341139812e-6,7.53300151851884e-6,0.00016498208451980369
29.650000000000002,8.995268440920294e-13,8.995268440920294e-13,3.6797314901395045e-10,1.4735963459716417e-8,1.0634596180389117e-7,6.860743112732261e-7,2.2505910996087966e-6,7.709734581230881e-6,0.0001686058002190281
29.55,9.227685317990883e-13,9.227685317990883e-13,3.7735380580399323e-10,1.510529354089745e-8,1.0897491454973764e-7,7.027420350501122e-7,2.304502944935326e-6,7.891155795497676e-6,0.00017231928661722422
29.45,9.466902738413436e-13,9.466902738413436e-13,3.8700524934657615e-10,1.548510325442163e-8,1.1167742917070572e-7,7.198679556043844e-7,2.3598756467229808e-6,8.077403935743597e-6,0.00017612501863679115
29.349999999999998,9.713143116734271e-13,9.713143116734271e-13,3.9693621577326474e-10,1.5875724870036758e-8,1.1445580523766726e-7,7.37466140154206e-7,2.4167533995797745e-6,8.268622312029324e-6,0.0001800255463118414
29.25,9.966636913080358e-13,9.966636913080358e-13,4.07155752917077e-10,1.6277502306691845e-8,1.1731242178909995e-7,7.555511331874605e-7,2.4751818751140518e-6,8.464958932305881e-6,0.00018402349727495497
29.150000000000002,1.0227622952291541e-12,1.0227622952291541e-12,4.1767323250603676e-10,1.6690791579576573e-8,1.202497403407756e-7,7.741379742016426e-7,2.535208275993077e-6,8.666566670975517e-6,0.00018812157933306475
29.05,1.0496348756833271e-12,1.0496348756833271e-12,4.284983628759418e-10,1.7115961266655537e-8,1.232703080194676e-7,7.932422161609027e-7,2.5968813921526907e-6,8.873603444023711e-6,0.00019232258277009635
28.95,1.0773070894133444e-12,1.0773070894133444e-12,4.3964120222627593e-10,1.755339299462138e-8,1.2637676082620446e-7,8.128799447015777e-7,2.6602516592506475e-6,9.086232390999206e-6,0.0001966293845433238
28.849999999999998,1.1058055339019614e-12,1.1058055339019614e-12,4.511121724443534e-10,1.8003481945305194e-8,1.2957182703486075e-7,8.33067798119031e-7,2.72537121946003e-6,9.30462206413123e-6,0.00020104494904589894
28.75,1.1351577851967171e-12,1.1351577851967171e-12,4.629220735240723e-10,1.846663738347637e-8,1.3285833073215788e-7,8.538229881701682e-7,2.7922939847045045e-6,9.528946624886113e-6,0.00020557233244681718
28.650000000000002,1.1653924373904276e-12,1.1653924373904276e-12,4.750820986069239e-10,1.8943283207007964e-8,1.3623919550543255e-7,8.751633217275816e-7,2.8610757024409545e-6,9.759386048279059e-6,0.00021021468543099705
28.55,1.1965391438357961e-12,1.1965391438357961e-12,4.876038496743147e-10,1.9433858520433475e-8,1.3971744828484473e-7,8.971072233230259e-7,2.9317740240998197e-6,9.996126335267528e-6,0.0002149752563871894
28.45,1.2286286601765874e-12,1.2286286601765874e-12,5.004993539217335e-10,1.993881823297064e-8,1.4329622334702173e-7,9.196737586197176e-7,3.0044485763035677e-6,0.000010239359733502196,0.00021985739471225307
28.349999999999998,1.261692889281876e-12,1.261692889281876e-12,5.137810808467821e-10,2.0458633682141037e-8,1.4697876648746953e-7,9.428826588547994e-7,3.0791610349737923e-6,0.000010489284967395154,0.0002248645542363491
28.25,1.295764928174701e-12,1.295764928174701e-12,5.274619600847847e-10,2.0993793284170802e-8,1.507684393694496e-7,9.667543462953494e-7,3.1559752024691144e-6,0.000010746107475988213,0.00023000029677382614
28.150000000000002,1.3308791170505796e-12,1.3308791170505796e-12,5.415554000272975e-10,2.1544803212416082e-8,1.5466872405738606e-7,9.913099607533224e-7,3.2349570878756625e-6,0.000011010039662245078,0.00023526829580473039
28.05,1.3670710904868336e-12,1.3670710904868336e-12,5.560753072608656e-10,2.211218810511991e-8,1.5868322774327622e-7,1.016571387207084e-6,3.3161749905945953e-6,0.000011281301150926122,0.0002406723402921333
27.95,1.4043778309485584e-12,1.4043778309485584e-12,5.710361068647615e-10,2.269649180387165e-8,1.6281568767498642e-7,1.0425612845794226e-6,3.399699587371647e-6,0.000011560119057403386,0.00024621633864063046
27.849999999999998,1.442837724702771e-12,1.442837724702771e-12,5.864527636092562e-10,2.3298278124210487e-8,1.670699762957618e-7,1.069303115724407e-6,3.4856040229224868e-6,0.00001184672826734431,0.0002519043228016546
27.75,1.4824906202579446e-12,1.4824906202579446e-12,6.023408040972845e-10,2.39181316598858e-8,1.7145010660473756e-7,1.0968211786779681e-6,3.5739640043136007e-6,0.000012141371727605075,0.00025774045253141545
27.650000000000002,1.5233778894524297e-12,1.5233778894524297e-12,6.187163398950841e-10,2.4556658622365147e-8,1.7596023774873044e-7,1.125140639229782e-6,3.664857899267699e-6,0.000012444300749012382,0.0002637290198076018
27.55,1.5655424913216179e-12,1.5655424913216179e-12,6.355960916995678e-10,2.5214487717260323e-8,1.806046808560996e-7,1.1542875648768234e-6,3.7583668385892364e-6,0.000012755775321610142,0.00026987445341118205
27.45,1.609029038880703e-12,1.609029038880703e-12,6.529974145927206e-10,2.589227105942824e-8,1.8538790512401123e-7,1.1842889602219743e-6,3.8545748227783266e-6,0.000013076064442611168,0.0002761813236799296
27.349999999999998,1.6538838689670172e-12,1.6538838689670172e-12,6.709383244359228e-10,2.6590685128592683e-8,1.9031454417101352e-7,1.215172803884152e-6,3.953568833311395e-6,0.00001340544645796908,0.00028265434744150717
27.25,1.700155115293675e-12,1.700155115293675e-12,6.894375254598643e-10,2.7310431767427857e-8,1.9538940266742245e-7,1.246968086989734e-6,4.055438948422667e-6,0.000013744209417961776,0.0002892983931278574
27.150000000000002,1.747892784874281e-12,1.747892784874281e-12,7.085144391086654e-10,2.8052239224144766e-8,2.0061746325666145e-7,1.2797048533185065e-6,4.160278463867991e-6,0.0000140926514474788,0.0002961184860921457
27.05,1.797148837987079e-12,1.797148837987079e-12,7.281892341998856e-10,2.881686324174656e-8,2.060038937813614e-7,1.3134142411810108e-6,4.268184018790858e-6,0.000014451081131658698,0.00030311981411771174
26.95,1.847977271855915e-12,1.847977271855915e-12,7.484828584828029e-10,2.960508819609421e-8,2.1155405482873706e-7,1.3481285271080417e-6,4.379255726941369e-6,0.000014819817917563805,0.00031030773314103487
26.849999999999998,1.9004342082350077e-12,1.9004342082350077e-12,7.694170715591443e-10,3.0417728285451156e-8,2.1727350761049243e-7,1.3838811714370148e-6,4.493597313494467e-6,0.000015199192532611373,0.00031768777319190144
26.75,1.9545779850927356e-12,1.9545779850927356e-12,7.910144794982403e-10,3.125562877361413e-8,2.2316802219329684e-7,1.4207068658842637e-6,4.611316257725331e-6,0.00001558954742051769,0.0003252656445600862
26.650000000000002,2.0104692526134723e-12,2.0104692526134723e-12,8.132985708768755e-10,3.211966728955767e-8,2.2924358609670664e-7,1.4586415831968118e-6,4.732523941813209e-6,0.000015991237195544632,0.0003330472441986013
26.55,2.068171073708544e-12,2.068171073708544e-12,8.362937545640937e-10,3.301075518569033e-8,2.3550641327626303e-7,1.4977226289818228e-6,4.85733580605759e-6,0.000016404629115879164,0.000341038662372619
26.45,2.1277490293049395e-12,2.1277490293049395e-12,8.600253993415534e-10,3.392983896151903e-8,2.4196295351043936e-7,1.5379886958170367e-6,4.985871510805937e-6,0.000016830103577015566,0.0003492461895644709
26.349999999999998,2.189271328627453e-12,2.189271328627453e-12,8.845198751936568e-10,3.487790174421283e-8,2.486199022110684e-7,1.5794799197506814e-6,5.118255105405812e-6,0.000017268054626053184,0.00035767632364526843
26.25,2.252808924742857e-12,2.252808924742857e-12,9.098045967171428e-10,3.5855964848597446e-8,2.554842106779143e-7,1.6222379393049276e-6,5.254615204511343e-6,0.000017718890497865932,0.0003663357773241596
26.150000000000002,2.3184356356357706e-12,2.3184356356357706e-12,9.359080684948967e-10,3.6865089400675256e-8,2.625630968191419e-7,1.6663059571028435e-6,5.395085172089359e-6,0.000018183034174149545,0.00037523148588680764
26.05,2.3862282711028377e-12,2.3862282711028377e-12,9.628599326214508e-10,3.7906378039927284e-8,2.698640563605664e-7,1.7117288042448975e-6,5.539803313488869e-6,0.00001866092396639786,0.0003843706152350911
25.95,2.4562667657678713e-12,2.4562667657678713e-12,9.906910185013233e-10,3.8980976700094286e-8,2.77394874567801e-7,1.7585530075676725e-6,5.688913075955477e-6,0.00001915301412391645,0.0003937605702406114
25.849999999999998,2.5286343185375553e-12,2.5286343185375553e-12,1.0194333949991951e-9,4.009007647327774e-8,2.851636385066739e-7,1.80682685992427e-6,5.842563257991941e-6,0.00001965977546803224,0.0004034090034253763
25.75,2.603417538835218e-12,2.603417538835218e-12,1.0491204251051358e-9,4.123491556133449e-8,2.931787498686596e-7,1.8566004936331761e-6,6.000908227986764e-6,0.000020181696053718842,0.0004133238239827507
25.650000000000002,2.6807065999692956e-12,2.6807065999692956e-12,1.079786823214942e-9,4.241678131908731e-8,3.014489383894783e-7,1.9079259572499836e-6,6.164108152553593e-6,0.000020719281859916604,0.000423513207153915
25.55,2.760595400013256e-12,2.760595400013256e-12,1.1114687151733862e-9,4.363701239400915e-8,3.099832758905455e-7,1.96085729582452e-6,6.332329235048219e-6,0.000021273057509890497,0.00043398560397414165
25.45,2.8431817305952514e-12,2.8431817305952514e-12,1.144203701222538e-9,4.489700096730932e-8,3.1879119097453453e-7,2.0154506348144136e-6,6.505743964752479e-6,0.000021843567023036852,0.0004447497514046959
25.349999999999998,2.9285674540183764e-12,2.9285674540183764e-12,1.1780309220073193e-9,4.619819510162171e-8,3.2788248440802165e-7,2.071764267835216e-6,6.68453137724113e-6,0.000022431374599621426,0.00045581468286742664
25.25,3.0168586891566842e-12,3.0168586891566842e-12,1.2129911277989529e-9,4.754210120079202e-8,3.3726734522595203e-7,2.129858748436684e-6,6.86887732647371e-6,0.000023037065440005194,0.0004671897391973579
25.150000000000002,3.108166006597564e-12,3.108166006597564e-12,1.2491267511061394e-9,4.893028658748865e-8,3.4695636759456883e-7,2.189796986139169e-6,7.058974769181707e-6,0.000023661246599994598,0.00047888458003350176
25.05,3.2026046335284247e-12,3.2026046335284247e-12,1.2864819828533854e-9,5.03643822049164e-8,3.569605684714434e-7,2.25164434670089e-6,7.255024062151667e-6,0.00002430454788403539,0.0004909091956649169
24.95,3.3002946688943458e-12,3.3002946688943458e-12,1.3251028523161624e-9,5.184608544886263e-8,3.672914061033618e-7,2.315468757556447e-6,7.457233273035811e-6,0.000024967622778056898,0.000503273919352181
24.849999999999998,3.4013613093841063e-12,3.4013613093841063e-12,1.3650373110134487e-9,5.337716313706077e-8,3.7796079940507034e-7,2.3813408174622095e-6,7.66581850535528e-6,0.000025651149423867765,0.000515989440144664
24.75,3.505935086834565e-12,3.505935086834565e-12,1.4063353207696917e-9,5.4959454623000464e-8,3.8898114826424703e-7,2.4493339117924305e-6,7.881004238396351e-6,0.00002635583163709952,0.0005290668162149416
24.650000000000002,3.614152117677972e-12,3.614152117677972e-12,1.449048946170504e-9,5.659487506180159e-8,4.003653548205926e-7,2.5195243330277004e-6,8.10302368270557e-6,0.000027082399970799878,0.0005425174887327559
24.55,3.726154365093542e-12,3.726154365093542e-12,1.4932324516493752e-9,5.828541883618702e-8,4.121268457695886e-7,2.5919914069465206e-6,8.332119152149189e-6,0.00002783161282688416,0.0005563532963018615
24.45,3.842089914563839e-12,3.842089914563839e-12,1.5389424034565053e-9,6.003316315104836e-8,4.242795958153258e-7,2.666817624777357e-6,8.568542452879968e-6,0.000028604257617770838,0.0005705864899843083
24.349999999999998,3.962113263577926e-12,3.962113263577926e-12,1.586237776775456e-9,6.184027180557994e-8,4.3683815183161166e-7,2.7440887816129134e-6,8.812555290710372e-6,0.00002940115198064426,0.000585229748937674
24.25,4.086385626267778e-12,4.086385626267778e-12,1.6351800682690169e-9,6.370899915247663e-8,4.4981765928234225e-7,2.8238941214086133e-6,9.064429697345004e-6,0.00003022314504692102,0.0006002961966921254
24.150000000000002,4.21507525381116e-12,4.21507525381116e-12,1.6858334143520797e-9,6.564169425423096e-8,4.632338884783069e-7,2.9063264889035914e-6,9.324448476470849e-6,0.00003107111876962537,0.0006157994180953013
24.05,4.348357771484572e-12,4.348357771484572e-12,1.7382647155070764e-9,6.764080524715084e-8,4.771032632226215e-7,2.9914824888216047e-6,9.592905671041367e-6,0.00003194598931152788,0.0006317534769543641
23.95,4.4864165333029375e-12,4.4864165333029375e-12,1.792543766976083e-9,6.970888392432926e-8,4.914428904235918e-7,3.0794626527288934e-6,9.870107052441785e-6,0.00003284870849704591,0.0006481729344059452
23.85,4.6294429952397705e-12,4.6294429952397705e-12,1.8487433961837572e-9,7.184859054945772e-8,5.062705912464321e-7,3.1703716139472653e-6,0.000010156370632701793,0.00003378026533107061,0.0006650728680461734
23.75,4.777637108081624e-12,4.777637108081624e-12,1.9069396072663134e-9,7.406269891406282e-8,5.216049338113174e-7,3.2643182909427022e-6,0.00001045202720126278,0.00003474168758804556,0.0006824688918543738
23.65,4.931207731035379e-12,4.931207731035379e-12,1.9672117331043682e-9,7.635410165149147e-8,5.374652675208237e-7,3.3614160796335803e-6,0.000010757420887111298,0.00003573404347480789,0.0007003771769457924
23.55,5.090373067275319e-12,5.090373067275319e-12,2.029642595281384e-9,7.872581582174781e-8,5.538717591045834e-7,3.461783055087461e-6,0.000011072909747977848,0.00003675844337088322,0.0007188144731858192
23.45,5.255361122690235e-12,5.255361122690235e-12,2.094318672425257e-9,8.118098878212533e-8,5.708454304741e-7,3.5655421831020796e-6,0.00001139886638791208,0.00003781604165012403,0.000737798131726743
23.35,5.426410189168554e-12,5.426410189168554e-12,2.1613302773474804e-9,8.372290435945935e-8,5.884081984860506e-7,3.67282154219407e-6,0.000011735678603992117,0.000038908038587833884,0.0007573461284609118
23.25,5.603769353842849e-12,5.603769353842849e-12,2.2307717436306566e-9,8.635498934077518e-8,6.065829167181916e-7,3.7837545565490866e-6,0.000012083750065274174,0.000040035682357602285,0.0007774770885000526
23.15,5.7876990358035886e-12,5.7876990358035886e-12,2.3027416220057674e-9,8.908082030010421e-8,6.25393419368058e-7,3.898480240518365e-6,0.000012443501023961,0.00004120027112254381,0.0007982103115992286
23.05,5.978471551886657e-12,5.978471551886657e-12,2.3773428872284675e-9,9.190413078031457e-8,6.448645673911616e-7,4.017143455280527e-6,0.00001281536906152287,0.0000424031552256539,0.0008195657988099858
22.95,6.176371713240135e-12,6.176371713240135e-12,2.4546831560007903e-9,9.482881884993604e-8,6.650222970022866e-7,4.13989517832301e-6,0.00001319980987126123,0.00004364573948440125,0.0008415642801201876
22.85,6.381697454483554e-12,6.381697454483554e-12,2.5348749165870205e-9,9.785895505617312e-8,6.858936707661207e-7,4.266892786435449e-6,0.00001359729807929002,0.000044929485594788544,0.000864227243338222
22.75,6.594760497387948e-12,6.594760497387948e-12,2.6180357708031462e-9,1.0099879079658604e-7,7.075069307489793e-7,4.398300352947389e-6,0.000014008328105973108,0.000046255914650968744,0.000887576964196917
22.65,6.815887051127886e-12,6.815887051127886e-12,2.7042886891019e-9,1.0425276713329595e-7,7.298915558796404e-7,4.534288959985559e-6,0.00001443341506997113,0.00004762660978547796,0.0009116365377456847
22.55,7.045418551288054e-12,7.045418551288054e-12,2.7937622795206893e-9,1.0762552407503228e-7,7.530783203402723e-7,4.675037026571199e-6,0.000014873095737174188,0.000049043218937424855,0.0009364299110899048
22.45,7.283712439947173e-12,7.283712439947173e-12,2.8865910713082218e-9,1.1112191035390065e-7,7.770993564876849e-7,4.820730653426213e-6,0.000015327929516929238,0.00005050745775460563,0.0009619819175391568
22.35,7.531142989311782e-12,7.531142989311782e-12,2.9829158140972572e-9,1.1474699372541163e-7,8.019882204792767e-7,4.971563985408067e-6,0.00001579849950810699,0.000052021112636507796,0.0009883183122292398
22.25,7.788102171533868e-12,7.788102171533868e-12,3.082883793546223e-9,1.1850607182208486e-7,8.277799614566659e-7,5.1277395925475065e-6,0.000016285413597703087,0.00005358604392635251,0.0010154658092858709
22.15,8.05500057751582e-12,8.05500057751582e-12,3.1866491644312747e-9,1.2240468359282947e-7,8.545111943890611e-7,5.289468870723886e-6,0.000016789305614823384,0.00005520418925894304,0.0010434521206011882
22.05,8.332268387692043e-12,8.332268387692043e-12,3.294373302233673e-9,1.2644862136232866e-7,8.822201767858802e-7,5.4569724630659205e-6,0.000017310836543068888,0.0000568775670733659,0.001072305996297959
21.95,8.620356397971062e-12,8.620356397971062e-12,3.4062251743343717e-9,1.30643943546796e-7,9.109468895009411e-7,5.630480703245621e-6,0.000017850695794514124,0.000058608280298959985,0.0011020572669598761
21.85,8.919737104233236e-12,8.919737104233236e-12,3.5223817320000446e-9,1.349969880647796e-7,9.407331218643805e-7,5.810234081888486e-6,0.00001840960254865839,0.00006039852022383223,0.0011327368877100841
21.75,9.23090584900395e-12,9.23090584900395e-12,3.6430283244216108e-9,1.3951438648413752e-7,9.716225613930753e-7,5.996483737402438e-6,0.000018988307159929563,0.0000622505705556693,0.0011643769842244354
21.65,9.55438203416323e-12,9.55438203416323e-12,3.7683591361488744e-9,1.442030789489316e-7,1.0036608883460162e-6,6.189491972629273e-6,0.000019587592637532053,0.00006416681168516013,0.001197010900793055
21.55,9.890710403811174e-12,9.890710403811174e-12,3.898577649352907e-9,1.4907032993278352e-7,1.036895875407731e-6,6.389532798729287e-6,0.000020208276201655182,0.00006614972516292975,0.0012306732503634243
21.45,1.0240462401685336e-11,1.0240462401685336e-11,4.0338971324423125e-9,1.5412374486822845e-7,1.0713774928007027e-6,6.59689250793196e-6,0.0000208512109202992,0.00006820189840152024,0.0012653999671505783
21.35,1.0604237607823504e-11,1.0604237607823504e-11,4.174541156660521e-9,1.5937128770479956e-7,1.107158019146699e-6,6.81187027674704e-6,0.00002151728743122844,0.00007032602961461838,0.001301228361109505
21.25,1.0982665259482565e-11,1.0982665259482565e-11,4.32074414239953e-9,1.648212994519978e-7,1.1442921584172666e-6,7.034778801411442e-6,0.000022207435753835632,0.00007252493300644566,0.0013381971751893914
21.15,1.1376405861667042e-11,1.1376405861667042e-11,4.472751937081293e-9,1.7048251776694643e-7,1.1828371633352342e-6,7.265944967431428e-6,0.000022922627195987646,0.00007480154419218646,0.0013763466449994237
21.05,1.1786152892986379e-11,1.1786152892986379e-11,4.630822426582547e-9,1.7636409766171734e-7,1.2228529656123402e-6,7.50571055519779e-6,0.00002366387636123049,0.00007715892605928753,0.0014157185611693348
20.95,1.2212634610822672e-11,1.2212634610822672e-11,4.795226182311658e-9,1.8247563332964568e-7,1.264402313432701e-6,7.754432983774947e-6,0.000024432243262059286,0.00007960027460023175,0.00145635633452787
20.849999999999998,1.2656615977261027e-11,1.2656615977261027e-11,4.966247146189309e-9,1.8882718132782716e-7,1.3075509166183997e-6,8.012486095097056e-6,0.000025228835545307865,0.00008212892537399423,0.0014983050641184865
20.75,1.3118900668020307e-11,1.3118900668020307e-11,5.1441833559376945e-9,1.954292850137968e-7,1.352367599941644e-6,8.280260980944182e-6,0.000026054810836081113,0.00008474836013679695,0.0015416116084812298
20.65,1.360033324644558e-11,1.360033324644558e-11,5.329347713247565e-9,2.0229300035464052e-7,1.3989244650782385e-6,8.558166855221814e-6,0.000026911379207052132,0.00008746221384925545,0.001586324659960853
20.55,1.4101801435977753e-11,1.4101801435977753e-11,5.52206879756874e-9,2.0942992331804544e-7,1.4472970617294221e-6,8.846631974226876e-6,0.000027799805780365716,0.0000902742820480249,0.001632494822488938
20.45,1.462423854441461e-11,1.462423854441461e-11,5.7226917284592014e-9,2.1685221880295043e-7,1.4975645684737196e-6,9.146104607754168e-6,0.00002872141346983907,0.0000931885286023867,0.0016801746928854907
20.349999999999998,1.516862603421616e-11,1.516862603421616e-11,5.931579079631356e-9,2.245726512704345e-7,1.5498099839475305e-6,9.45705406408063e-6,0.000029677585871631822,0.00009620909387744679,0.0017294189458705355
20.25,1.5735996250806652e-11,1.5735996250806652e-11,6.149111848052604e-9,2.3260461716982102e-7,1.6041203289927771e-6,9.779971772057359e-6,0.00003066977031206355,0.000099340303326933,0.00178028442296614
20.15,1.632743531939635e-11,1.632743531939635e-11,6.375690481692282e-9,2.4096217927893867e-7,1.6605868604524507e-6,0.000010115372423751556,0.00003169948106181493,0.00010258667653996212,0.0018328302254773552
20.05,1.6944086221601517e-11,1.6944086221601517e-11,6.611735969759517e-9,2.4966010307236115e-7,1.7193052973403292e-6,0.000010463795181299836,0.00003276830272630421,0.00010595293676763146,0.0018871178117521187
19.95,1.7587152063954973e-11,1.7587152063954973e-11,6.857690999548362e-9,2.587138952559872e-7,1.7803760601599873e-6,0.00001082580495187481,0.000033877893822689136,0.0001094440209568733,0.0019432110989278722
19.849999999999998,1.825789955127552e-11,1.825789955127552e-11,7.1140211842984e-9,2.681398446023783e-7,1.8439045242003582e-6,0.000011201993734909142,0.000035029990554574054,0.0001130650903206876,0.0020011765693853946
19.75,1.8957662678810204e-11,1.8957662678810204e-11,7.381216366793696e-9,2.779550652374036e-7,1.910001287691232e-6,0.000011592982046076676,0.000036226410796228165,0.00011682154147566137,0.0020610833821409227
19.65,1.9687846658080952e-11,1.9687846658080952e-11,7.659792003761288e-9,2.88177542537266e-7,1.9787824557655755e-6,0.000011999420422571578,0.00003746905829887197,0.00012071901817958973,0.0021230034894193597
19.55,2.0449932092466398e-11,2.0449932092466398e-11,7.950290636495047e-9,2.9882618180637436e-7,2.050369941212419e-6,0.000012421991014969813,0.00003875992713240261,0.00012476342370404804,0.002187011758664284
19.45,2.1245479419735197e-11,2.1245479419735197e-11,8.253283453523265e-9,3.099208599185097e-7,2.1248917831700555e-6,0.00001286140927080567,0.000040101106376771826,0.00012896093387895432,0.002253186100253447
19.349999999999998,2.2076133640022107e-11,2.2076133640022107e-11,8.569371951551132e-9,3.214824801166254e-7,2.2024824847898973e-6,0.000013318425715791717,0.00004149478507820753,0.00013331801084837244,0.002321607601202458
19.25,2.2943629349145894e-11,2.2943629349145894e-11,8.899189701437145e-9,3.3353303018050344e-7,2.2832833712232886e-6,0.000013793827838605515,0.00004294325748637406,0.00013784141757954035,0.0023923606651542924
19.15,2.3849796098582092e-11,2.3849796098582092e-11,9.243404226240717e-9,3.460956441864096e-7,2.367442969175542e-6,0.000014288442085897945,0.00004444892858970346,0.00014253823262045843,0.0024655331589670277
19.05,2.4796564105147682e-11,2.4796564105147682e-11,9.602718999274099e-9,3.5919466809895306e-7,2.4551174094603933e-6,0.00001480313597443094,0.00004601431996721498,0.00014741586899534847,0.0025412165662294425
18.95,2.5785970335064295e-11,2.5785970335064295e-11,9.977875570235542e-9,3.728557294526739e-7,2.5464708540594562e-6,0.000015338820327789788,0.0000476420759763616,0.00015248208576289354,0.002619506148050433
18.849999999999998,2.6820164989031956e-11,2.6820164989031956e-11,1.0369655828557842e-8,3.8710581139951217e-7,2.641675949301125e-6,0.000015896451645612926,0.00004933497028703859,0.00015774501149847626,0.002700501111486948
18.75,2.790141841695777e-11,2.790141841695777e-11,1.0778884413324576e-8,4.019733314184075e-7,2.740914306887902e-6,0.000016477034613827075,0.000051095912848262825,0.0001632131605507922,0.0027843047859935272
18.65,2.9032128493192946e-11,2.9032128493192946e-11,1.1206431280216538e-8,4.1748822500493384e-7,2.844377014624359e-6,0.000017081624764960078,0.00005292795715058652,0.00016889545365669802,0.002871024808297414
18.55,3.021482848552619e-11,3.021482848552619e-11,1.1653214436503514e-8,4.3368203468221174e-7,2.952265178830462e-6,0.000017711331298230942,0.000054834308023331997,0.0001748012391363859,0.0029607733161239724
18.45,3.1452195453756936e-11,3.1452195453756936e-11,1.2120202856015624e-8,4.505880046995588e-7,3.0647905005679315e-6,0.000018367320069791192,0.00005681832983379728,0.00018094031528881967,0.0030536671512188854
18.349999999999998,3.2747059216490717e-11,3.2747059216490717e-11,1.2608419586929063e-8,4.682411818125069e-7,3.1821758879610064e-6,0.000019050816764215993,0.000058883555180952736,0.0001873229540582211,0.0031498280721384032
18.25,3.410241192782767e-11,3.410241192782767e-11,1.311894506618772e-8,4.866785225671597e-7,3.304656107058683e-6,0.000019763110259120594,0.00006103369410385983,0.000193959926050283,0.0032493829773027217
18.15,3.5521418308915765e-11,3.5521418308915765e-11,1.3652920655450939e-8,5.05939007543593e-7,3.432478473864269e-6,0.000020505556195616217,0.00006327264383771273,0.00020086252698087016,0.0033524641388334078
18.05,3.7007426582913865e-11,3.7007426582913865e-11,1.4211552414615355e-8,5.260637630471874e-7,3.565903590350378e-6,0.00002127958076821718,0.00006560449915265513,0.0002080426056455181,0.0034592094477246095
17.95,3.8563980165793035e-11,3.8563980165793035e-11,1.479611513019791e-8,5.470961907738645e-7,3.7052061274856442e-6,0.000022086684748781092,0.00006803356331296254,0.00021551259350427582,0.0035697626709255926
17.849999999999998,4.019483016961585e-11,4.019483016961585e-11,1.540795661727038e-8,5.690821060151368e-7,3.850675658523072e-6,0.000022928447760103305,0.00007056435969670719,0.00022328553598008604,0.003684273720942691
17.75,4.1903948779514145e-11,4.1903948779514145e-11,1.6048502315031154e-8,5.920698850122256e-7,4.002617546042304e-6,0.00002380653281591003,0.00007320164411903344,0.00023137512558324666,0.0038028989386019937
17.65,4.369554357055812e-11,4.369554357055812e-11,1.671926019777554e-8,6.161106221152898e-7,4.1613538864990035e-6,0.000024722691145200375,0.00007595041790480946,0.00023979573696895226,0.003925801389646582
17.55,4.557407283611927e-11,4.557407283611927e-11,1.742182602471153e-8,6.412582974545028e-7,4.327224516316813e-6,0.00002567876732018832,0.00007881594176000731,0.00024856246405519946,0.004053151175879074
17.45,4.754426200521375e-11,4.754426200521375e-11,1.815788895396595e-8,6.675699558846266e-7,4.500588083862251e-6,0.000026676704708496906,0.0000818037504944133,0.0002576911593290197,0.004185125761596706
17.349999999999998,4.9611121232714164e-11,4.9611121232714164e-11,1.8929237548166742e-8,6.951058980241638e-7,4.681823191972419e-6,0.000027718551271767087,0.00008491966865206799,0.00026719847548029567,0.00432191031610701
17.25,5.1779964253386165e-11,5.1779964253386165e-11,1.973776620120848e-8,7.239298842746398e-7,4.871329616061856e-6,0.000028806465734472565,0.00008816982710983706,0.00027710190951147804,0.00446369807315268
17.15,5.405642859762452e-11,5.405642859762452e-11,2.0585482018221237e-8,7.541093527754076e-7,5.069529603220363e-6,0.00002994272414848749,0.0000915606807088173,0.0002874198494816621,0.004610690708118741
17.05,5.644649727704186e-11,5.644649727704186e-11,2.1474512183387932e-8,7.857156523251496e-7,5.276869258130669e-6,0.00003112972687759443,0.00009509902698793301,0.0002981716240542686,0.004763098733941805
16.95,5.895652205376676e-11,5.895652205376676e-11,2.2407111853113088e-8,8.188242913835226e-7,5.493820022087085e-6,0.00003237000605116037,0.00009879202609407379,0.00030937755502928154,0.004921141916688617
16.849999999999998,6.159324842043876e-11,6.159324842043876e-11,2.3385672615151365e-8,8.535152043555502e-7,5.720880251884571e-6,0.00003366623346894819,0.00010264722194849064,0.0003210590130533804,0.005085049711823668
16.75,6.436384242666468e-11,6.436384242666468e-11,2.441273155769354e-8,8.898730364584267e-7,5.958576905878659e-6,0.00003502122905780365,0.00010667256475499006,0.0003332384767148152,0.005255061722238753
16.65,6.72759195000714e-11,6.72759195000714e-11,2.549098099643581e-8,9.279874485756055e-7,6.207467345090436e-6,0.00003643796986671828,0.00011087643494168412,0.00034593959524412723,0.005431428179174337
16.55,7.033757542280307e-11,7.033757542280307e-11,2.6623278909263547e-8,9.67953443617568e-7,6.468141257854152e-6,0.000037919599659812075,0.00011526766863479803,0.00035918725518193045,0.005614410447222568
16.45,7.355741963830773e-11,7.355741963830773e-11,2.781266013985953e-8,1.0098717160331488e-6,6.741222717180767e-6,0.000039469439146345696,0.00011985558477032473,0.00037300765039622707,0.005804281554663451
16.349999999999998,7.69446110785577e-11,7.69446110785577e-11,2.9062348423828957e-8,1.053849026250674e-6,7.027372380743915e-6,0.00004109099689347874,0.00012465001395707618,0.00038742835832904156,0.006001326750453485
16.25,8.05088967185921e-11,8.05088967185921e-11,3.0375769310407045e-8,1.0999986019755678e-6,7.327289844191211e-6,0.000042787980971020135,0.00012966132921321782,0.000402478418419878,0.006205844089253591
16.15,8.426065308359327e-11,8.426065308359327e-11,3.1756564045114356e-8,1.1484405684315894e-6,7.641716159348621e-6,0.00004456431138122915,0.00013490047870742008,0.00041818841735456687,0.006418145045957015
16.05,8.821093095377472e-11,8.821093095377472e-11,3.320860449758329e-8,1.199302409807613e-6,7.971436529825009e-6,0.00004642413333087157,0.00014037902064565808,0.0004345905788724968,0.006638555161254715
15.95,9.23715035343497e-11,9.23715035343497e-11,3.473600921494564e-8,1.2527194643624505e-6,8.317283197545774e-6,0.000048371831407192415,0.00014610916045529036,0.0004517188593547478,0.0068674147198545515
15.849999999999998,9.675491838195227e-11,9.675491838195227e-11,3.6343160694871454e-8,1.3088354558479592e-6,8.68013853485545e-6,0.000050412044724343266,0.00015210379042957116,0.00046960904945198646,0.007105079463057574
15.75,1.0137455340532523e-10,1.0137455340532523e-10,3.8034723978392654e-8,1.3678030642965722e-6,9.060938358037173e-6,0.00005254968311204865,0.0001583765320081384,0.000488298882162036,0.0073519213374801
15.649999999999999,1.0624467728711026e-10,1.0624467728711026e-10,3.98156666718771e-8,1.429784538200322e-6,9.460675479413557e-6,0.00005478994442400338,0.0001649417808824803,0.0005078281477968096,0.007608329281805951
15.55,1.1138051470543644e-10,1.1138051470543644e-10,4.1691280517290706e-8,1.4949523547827642e-6,9.880403516618926e-6,0.00005713833304970333,0.0001718147551298783,0.0005282388163102252,0.007874710053548235
15.45,1.1679831676901962e-10,1.1679831676901962e-10,4.366720464060655e-8,1.563489926607984e-6,0.000010321240979236948,0.000059600679720095895,0.00017901154659505822,0.0005495751674931867,0.00815148909790348
15.349999999999998,1.2251543711797036e-10,1.2251543711797036e-10,4.574945061996469e-8,1.6355923639633293e-6,0.0000107843756545708,0.0000621831627047734,0.0001865491757557828,0.0005718839295788017,0.008439111460886765
15.25,1.285504141848452e-10,1.285504141848452e-10,4.794442952808137e-8,1.7114672941575371e-6,0.000011271069316381893,0.00006489233050633564,0.00019444565032702797,0.0005952144268409946,0.00873804274904849
15.149999999999999,1.3492306015707358e-10,1.3492306015707358e-10,5.0258981117560706e-8,1.7913357436131854e-6,0.000011782662781693479,0.00006773512616617373,0.00020272002787833523,0.0006196187368128096,0.009048770138189867
15.05,1.4165455723319598e-10,1.4165455723319598e-10,5.2700405333301875e-8,1.8754330876514062e-6,0.000012320581347481575,0.00007071891330528654,0.00021139248276053654,0.0006451518577971175,0.009371803433615798
14.95,1.48767561821903e-10,1.48767561821903e-10,5.5276496353285515e-8,1.964010073794799e-6,0.000012886340625566388,0.00007385150403393654,0.00022048437766146705,0.0006718718873926126,0.009707676184592014
14.849999999999998,1.5628631739519347e-10,1.5628631739519347e-10,5.799557937780465e-8,2.0573339246017597e-6,0.000013481552831070632,0.00007714118887502968,0.0002300183401356799,0.0006998402128120865,0.01005694685580483
14.75,1.6423677677574835e-10,1.6423677677574835e-10,6.086655040787847e-8,2.1556895267991395e-6,0.000014107933533091813,0.00008059676885817472,0.0002400183444807162,0.0007291217138282515,0.01042020005876024
14.649999999999999,1.7264673471453943e-10,1.7264673471453943e-10,6.389891927633962e-8,2.259380714017348e-6,0.000014767308928913012,0.0000842275899545139,0.0002505097993626489,0.0007597849792454545,0.010798047846203942
14.55,1.8154597169855146e-10,1.8154597169855146e-10,6.710285622015406e-8,2.368731651115662e-6,0.000015461623672265504,0.00008804358003673611,0.00026151964162410626,0.000791902537863589,0.01119113107279096
14.45,1.9096641002119293e-10,1.9096641002119293e-10,7.048924231015977e-8,2.4840883288182763e-6,0.000016192949305672825,0.00009205528856428915,0.0002730764367488967,0.0008255511049740483,0.011600120825391854
14.349999999999998,2.009422832504833e-10,2.009422832504833e-10,7.40697240848762e-8,2.6058201781888213e-6,0.000016963493346721138,0.0000962739292107984,0.00028521048648639526,0.0008608118455067737,0.012025719926578754
14.25,2.1151032034357056e-10,2.1151032034357056e-10,7.78567727686774e-8,2.7343218153586476e-6,0.00001777560908314867,0.00010071142566933465,0.0002979539441893738,0.0008977706550333853,0.01246866451500584
14.149999999999999,2.227099457817761e-10,2.227099457817761e-10,8.186374849166968e-8,2.870014927899863e-6,0.00001863180613661612,0.00010538046089129328,0.00031134093845891736,0.0009365184599239109,0.012929725706565146
14.05,2.3458349723961926e-10,2.3458349723961926e-10,8.610496996985821e-8,3.013350315308363e-6,0.000019534761860463452,0.00011029453003692612,0.00032540770574091796,0.000977151538054919,0.013409711340380388
13.95,2.4717646245566883e-10,2.4717646245566883e-10,9.059579014917991e-8,3.1648100972449584e-6,0.000020487333642731826,0.00011546799743960714,0.0003401927325718565,0.0010197718615752131,0.013909467813879372
13.849999999999998,2.60537737144434e-10,2.60537737144434e-10,9.535267836751332e-8,3.324910104485714e-6,0.000021492572192287882,0.00012091615791236848,0.00035573690822972103,0.0010644874633523762,0.014429882011373735
13.75,2.747199059787789e-10,2.747199059787789e-10,1.0039330964411218e-7,3.494202468969861e-6,0.00002255373589309567,0.00012665530275410628,0.00037208368860931616,0.0011114128288587865,0.01497188333076676
13.649999999999999,2.8977954888377665e-10,2.8977954888377665e-10,1.0573666176750349e-7,3.6732784309182175e-6,0.000023674306319599844,0.0001327027908444218,0.00038927927221008506,0.0011606693153258419,0.015536445813200822
13.55,3.057775751180623e-10,3.057775751180623e-10,1.1140312092109504e-7,3.862771382745051e-6,0.000024858005014897878,0.0001390771252506318,0.0004073727891998392,0.0012123856003783077,0.01612459038065808
13.45,3.227795878803968e-10,3.227795878803968e-10,1.1741459666138582e-7,4.063360171418471e-6,0.000026108811642963865,0.00014579803580830902,0.0004264165045995725,0.0012666981620524185,0.01673738718672249
13.349999999999998,3.408562824705312e-10,3.408562824705312e-10,1.2379464714768662e-7,4.2757726830600435e-6,0.00002743098363674097,0.00015288656817815746,0.000446466036723911,0.0013237517928620444,0.01737595808591717
13.25,3.600838813582343e-10,3.600838813582343e-10,1.3056861562097154e-7,4.500789735936124e-6,0.000028829077475548395,0.00016036517992744782,0.0004675805921091458,0.0013837001502966934,0.018041479227227285
13.149999999999999,3.8054460987744577e-10,3.8054460987744577e-10,1.3776377918900363e-7,4.739249310606698e-6,0.000030307971738064763,0.00016825784423411206,0.0004898232182670458,0.0014467063465744116,0.018735183777622958
13.05,4.0232721666028973e-10,4.0232721666028973e-10,1.454095112452612e-7,4.9920511488909265e-6,0.0000318728920912847,0.0001765901618656773,0.0005132610757187053,0.0015129435806269164,0.019458364781588446
12.95,4.255275433966386e-10,4.255275433966386e-10,1.5353745866718374e-7,5.260161756515114e-6,0.00003352943839144727,0.00018538948214674145,0.0005379657309150929,0.0015825958155431788,0.02021237816286079
12.849999999999998,4.5024914897752753e-10,4.5024914897752753e-10,1.62181735470361e-7,5.544619847862957e-6,0.000035283614090156425,0.0001946850336919806,0.000564013471609709,0.00165585850495794,0.0209986458747618
12.75,4.766039936774946e-10,4.766039936774946e-10,1.7137913444420057e-7,5.846542275191903e-6,0.00003714185815794784,0.00020450806575644058,0.0005914856469370151,0.0017329393721542176,0.0218186592057204
12.649999999999999,5.047131896441551e-10,5.047131896441551e-10,1.8116935862771889e-7,6.1671304890575895e-6,0.00003911107975859451,0.0002148920011329234,0.0006204690336987324,0.0018140592459550673,0.022673982246495868
12.55,5.34707824678206e-10,5.34707824678206e-10,1.9159527463828772e-7,6.507677581647335e-6,0.00004119869593071538,0.0002258726016141211,0.0006510562316100074,0.001899452957805259,0.023566255526505393
12.45,5.667298670799726e-10,5.667298670799726e-10,2.0270319009357788e-7,6.869575969527854e-6,0.00004341267255901481,0.00023748814713325442,0.0006833460893761618,0.0019893703048541006,0.024497199825549043
12.349999999999998,6.00933160236841e-10,6.00933160236841e-10,2.145431576150064e-7,7.254325779960854e-6,0.000045761568946010636,0.0002497796298028022,0.000717444164782747,0.0020840770840902722,0.025468620168554976
12.25,6.374845166094058e-10,6.374845166094058e-10,2.2716930817859456e-7,7.663544009187213e-6,0.00004825458632672828,0.0002627909641874672,0.000753463221271681,0.002183856203259837,0.026482410010314487
12.149999999999999,6.765649219319501e-10,6.765649219319501e-10,2.4064021689007043e-7,8.098974530740422e-6,0.000050901620703903606,0.00027656921527597576,0.0007915237642922244,0.0022890088745014764,0.027540555617964344
12.05,7.183708616790538e-10,7.183708616790538e-10,2.5501930460952314e-7,8.562499038988448e-6,0.000053713320420154337,0.0002911648457578728,0.0008317546208000564,0.0023998558972901166,0.02864514065482991
11.95,7.631157833021302e-10,7.631157833021302e-10,2.7037527924457355e-7,9.056149022722196e-6,0.00005670114892677418,0.0003066319843676885,0.0008742935656605074,0.0025167390377707865,0.029798350983571417
11.849999999999998,8.110317093287757e-10,8.110317093287757e-10,2.8678262094842613e-7,9.582118873970518e-6,0.00005987745325682345,0.00032302871723116736,0.0009192879989908107,0.0026400225121628847,0.03100247967769472
11.75,8.623710182605808e-10,8.623710182605808e-10,3.043221160276748e-7,0.000010142780248708122,0.00006325553876356206,0.00034041740433859443,0.0009668956788866514,0.0027700945825553996,0.032259932266273196
11.649999999999999,9.174084122326435e-10,9.174084122326435e-10,3.230814447689372e-7,0.000010740697809185107,0.00006684975074465906,0.0003588650234804672,0.0010172855144151922,0.0029073692741105953,0.033573232207688486
11.55,9.764430927331953e-10,9.764430927331953e-10,3.4315582920594555e-7,0.000011378646492002014,0.00007067556363873238,0.00037844354402701827,0.0010706384241525428,0.0030522882234491695,0.03494502660224892
11.45,1.039801168302733e-9,1.039801168302733e-9,3.6464874740175247e-7,0.000012059630462323218,0.00007474967855444032,0.00039923033467916875,0.0011271482660814907,0.0032053226688118323,0.03637809214896134
11.349999999999998,1.1078383211070567e-9,1.1078383211070567e-9,3.876727216892714e-7,0.00001278690393281005,0.00007909012997447022,0.0004213086043910759,0.0011870228451967163,0.003366975593498729,0.037875341351679
11.25,1.1809427626514697e-9,1.1809427626514697e-9,4.1235018918735724e-7,0.000013563994046232847,0.00008371640256840386,0.00044476788640279686,0.0012504850057661122,0.003537784034939542,0.039439828979176486
11.149999999999999,1.259538512731412e-9,1.259538512731412e-9,4.388144639239269e-7,0.000014394726043652086,0.00008864955915073297,0.00046970456264088087,0.0013177738158566086,0.003718321573212272,0.04107475878257687
11.05,1.3440890400643914e-9,1.3440890400643914e-9,4.6721080104163215e-7,0.00001528325096577766,0.00009391238093459548,0.0004962224365547015,0.001389145852457576,0.0039092010131455,0.04278349047271471
10.95,1.4351013079951958e-9,1.4351013079951958e-9,4.976975748564911e-7,0.000016234076164061854,0.00009952952135959204,0.0005244333576736991,0.0014648765963328934,0.004111077276413182,0.0445695469599724
10.849999999999998,1.5331302742990825e-9,1.5331302742990825e-9,5.304475840070132e-7,0.00001725209893065291,0.00010552767491502097,0.0005544579031312751,0.0015452619466103496,0.00432465052055191,0.04643662185337071
10.75,1.6387839005280109e-9,1.6387839005280109e-9,5.656494985952778e-7,0.00001834264359302785,0.00011193576253996721,0.0005864261217545109,0.0016306198660836616,0.004550669503706519,0.048388587220428714
10.649999999999999,1.7527287336710767e-9,1.7527287336710767e-9,6.035094661104912e-7,0.000019511502460491708,0.00011878513536107704,0.0006204783468856629,0.0017212921692661663,0.004789935215379502,0.05042950160152518
10.55,1.8756961312690878e-9,1.8756961312690878e-9,6.442528950721138e-7,0.000020764981056410768,0.00012610979873001492,0.0006567660847715254,0.001817646466407529,0.005043304795196442,0.052563618273063904
10.45,2.0084892102649418e-9,2.0084892102649418e-9,6.881264377720811e-7,0.000022109948122774327,0.00013394665874837363,0.0006954529860731685,0.0019200782779760265,0.005311695763567781,0.05479539375008585
10.349999999999998,2.151990614265807e-9,2.151990614265807e-9,7.354001962764729e-7,0.00002355389094328196,0.00014233579372136717,0.0007367159088473885,0.0020290133355311732,0.005596090590152079,0.05712949651584166
10.25,2.3071711944283496e-9,2.3071711944283496e-9,7.863701790177808e-7,0.00002510497659859969,0.0001513207532665163,0.0007807460822698473,0.0021449100864863123,0.005897541628220744,0.05957081596212699
10.149999999999999,2.475099737648328e-9,2.475099737648328e-9,8.413610389273207e-7,0.000026772119843814997,0.00016094888812448908,0.0008277503813216911,0.0022682624219729558,0.00621717644540023,0.0621244715199161
10.05,2.6569538622346026e-9,2.6569538622346026e-9,9.007291281915575e-7,0.000028565058384715565,0.00017127171407949561,0.00087795272386915,0.002399602648953516,0.0065562035838403815,0.0647958219549503
9.95,2.854032244360376e-9,2.854032244360376e-9,9.64865909444997e-7,0.000030494436427785678,0.00018234531380390966,0.0009315956026670256,0.0025395047298075245,0.006915918785639843,0.06759047479738135
9.849999999999998,3.0677683485117213e-9,3.0677683485117213e-9,1.03420176862732e-6,0.000032571897490427744,0.00019423078089984713,0.0009889417663328905,0.0026885878149566765,0.00729771172236588,0.07051429586824857
9.75,3.2997458639125913e-9,3.2997458639125913e-9,1.109210280961992e-6,0.00003481018758482238,0.00020699471092794865,0.001050276064807081,0.0028475200966086678,0.007703073270752042,0.07357341885837572
9.649999999999999,3.5517160777217917e-9,3.5517160777217917e-9,1.19041298849524e-6,0.0000372232700332768,0.00022070974479794275,0.0011159074765625563,0.003017023014672861,0.008133603380158538,0.07677425490716863
9.55,3.825617449618378e-9,3.825617449618378e-9,1.2783847562403097e-6,0.00003982645333745823,0.0002354551705560588,0.0011861713367517814,0.0031978758487258767,0.008591019581150687,0.08012350211958852
9.45,4.123597691558536e-9,4.123597691558536e-9,1.3737597827237866e-6,0.00004263653371157869,0.00025131759035169253,0.0012614317876312076,0.003390920733712715,0.00907716618860829,0.08362815494924174
9.349999999999998,4.4480387019038805e-9,4.4480387019038805e-9,1.477238352232297e-6,0.00004567195410383672,0.00026839166021139135,0.001342084475011572,0.0035970681405732736,0.009594024257133495,0.08729551336384495
9.25,4.801584755863312e-9,4.801584755863312e-9,1.5895944282043601e-6,0.00004895298177528482,0.0002867809112081782,0.0014285595171763324,0.003817302867322008,0.010143722351197607,0.09113319169624245
9.149999999999999,5.1871744155239845e-9,5.1871744155239845e-9,1.7116842017940756e-6,0.00005250190678542217,0.0003065986616999095,0.0015213247757255631,0.004052690590689242,0.01072854819745987,0.09514912577023758
9.05,5.60807669417717e-9,5.60807669417717e-9,1.8444557263415023e-6,0.00005634326405467031,0.00032796903154661797,0.0016208894611791718,0.004304385033540179,0.011350961292023832,0.09935158540866945
8.95,6.067932092958457e-9,6.067932092958457e-9,1.9889597878526194e-6,0.00006050408204178813,0.0003510280706184274,0.0017278081099558755,0.004573635808912974,0.01201360654107082,0.10374917528531954
8.849999999999998,6.570799225141849e-9,6.570799225141849e-9,2.1463621840512293e-6,0.00006501416149659035,0.0003759250155009801,0.001842684973583585,0.004861797007721708,0.012719329019324776,0.1083508451231336
8.75,7.121207857276324e-9,7.121207857276324e-9,2.317957610638553e-6,0.00006990638823366839,0.00040282369012079,0.0019661788657501377,0.005170336604008105,0.013471189937165342,0.11316589395990133
8.649999999999999,7.72421932979485e-9,7.72421932979485e-9,2.505185383785555e-6,0.00007521708443120028,0.000431904068081075,0.0020990085181351315,0.005500846759159474,0.014272483913892665,0.11820397426058549
8.55,8.385495476269647e-9,8.385495476269647e-9,2.709647262988958e-6,0.00008098640360215025,0.00046336401685708004,0.0022419585019387246,0.005855055114806658,0.01512675766165087,0.12347509430853897
8.45,9.111377344634946e-9,9.111377344634946e-9,2.933127680038961e-6,0.00008725877512695952,0.0004974212466904804,0.002395885778759771,0.006234837173244162,0.016037830191798143,0.1289896189216941
8.349999999999998,9.908975240371021e-9,9.908975240371021e-9,3.17761672742421e-6,0.0000940834050933527,0.0005343154900980428,0.0025617269519668555,0.006642229874251519,0.017009814663026434,0.13475826806440577
8.25,1.0786271867487233e-8,1.0786271867487233e-8,3.4453363162038185e-6,0.00010151484117910092,0.0005743109414231158,0.002740506298227095,0.007079446488221164,0.018047141998220627,0.14079211303522854
8.149999999999999,1.1752240645173394e-8,1.1752240645173394e-8,3.7387699790985016e-6,0.00010961361045977569,0.0006176989898816809,0.002933344668318424,0.007548892957595313,0.019154586404814752,0.1471025698507167
8.05,1.2816981635751021e-8,1.2816981635751021e-8,4.060696871982026e-6,0.00011844694035192072,0.0006648012841613471,0.0031414693570532407,0.008053185831856848,0.020337292941137536,0.1537013894024597
7.949999999999998,1.3991877943737232e-8,1.3991877943737232e-8,4.414230617884168e-6,0.00012808957444364967,0.0007159731719135014,0.003366225054133493,0.008595171955947107,0.02160080727879673,0.16060064391821674
7.849999999999997,1.528977594985377e-8,1.528977594985377e-8,4.802863744669311e-6,0.00013862469675588853,0.0007716075635393052,0.003609086001238283,0.00917795008739755,0.022951107818331547,0.16781270920815836
7.749999999999996,1.6725193343818602e-8,1.6725193343818602e-8,5.2305185937988115e-6,0.0001501449800615829,0.0008321392766310275,0.0038716694957911767,0.00980489463558741,0.024394640321904866,0.17535024212393455
7.650000000000001,1.8314559635410706e-8,1.8314559635410706e-8,5.701605726710212e-6,0.0001627537763182165,0.0008980499254318246,0.004155750898869071,0.010479681734241603,0.0259383552324596,0.18322615260162578
7.55,2.007649467860931e-8,2.007649467860931e-8,6.221091031809692e-6,0.00017656647010158647,0.0009698734288837357,0.004463280323825817,0.011206317879493218,0.027589747853250315,0.19145356959991802
7.449999999999998,2.203213176803833e-8,2.203213176803833e-8,6.794572944257509e-6,0.00019171201924242113,0.001048202221435902,0.004796401203662733,0.011989171387394982,0.02935690156369178,0.20004580018241006
7.349999999999997,2.4205493095291308e-8,2.4205493095291308e-8,7.428371439151216e-6,0.0002083347107015826,0.0011336942630055824,0.005157470959265509,0.01283300694854843,0.031248534248482996,0.20901628092842717
7.249999999999996,2.662392683372685e-8,2.662392683372685e-8,8.129630754283139e-6,0.0002265961643835412,0.0012270809585820642,0.00554908401764768,0.013743023582840545,0.03327404811332162,0.2183785207908549
7.150000000000001,2.931861689783524e-8,2.931861689783524e-8,8.906438150985197e-6,0.00024667762264943136,0.001329176114239802,0.005974097459633616,0.01472489632425181,0.035443583054094376,0.2281460344532987
7.05,3.232517857996526e-8,3.232517857996526e-8,9.767961442390108e-6,0.00026878256986395275,0.0014408860751430183,0.006435659610345617,0.015784821994212796,0.03776807373443674,0.23833226517468295
6.949999999999998,3.5684355870831404e-8,3.5684355870831404e-8,0.000010724608522034334,0.0002931397334053978,0.0015632212128515136,0.006937241923821476,0.016929569451861814,0.040259310508392696,0.24895049604578712
6.849999999999997,3.944283943386571e-8,3.944283943386571e-8,0.000011788212729613628,0.00032000652636158676,0.0016973089544673541,0.007482674555548255,0.018166534740520223,0.04293000429885223,0.2600137485280892
6.749999999999996,4.365422805109193e-8,4.365422805109193e-8,0.000012972248616336086,0.00034967300232153413,0.0018444085752467756,0.008076186063920942,0.01950380158133768,0.045793855506620636,0.2715346670951572
6.650000000000001,4.8380161050731816e-8,4.8380161050731816e-8,0.000014292083546094342,0.0003824664047603098,0.002005928010179702,0.008722447734602692,0.02095020769678672,0.04886562672487315,0.28352538876130884
6.55,5.3691654964084666e-8,5.3691654964084666e-8,0.000015765271623108858,0.00041875640781535077,0.0021834429791787935,0.009426623079964882,0.02251541747771041,0.05216122062096789,0.2959973962619675
6.449999999999998,5.967068469224527e-8,5.967068469224527e-8,0.00001741189771193388,0.0004589611622054071,0.0023787187660737983,0.010194423131041987,0.024210001536814386,0.05569775962582767,0.3089613536508534
6.349999999999997,6.641205810761291e-8,6.641205810761291e-8,0.000019254980861496326,0.0005035542801700083,0.0025937350443995797,0.011032168210922238,0.02604552371755781,0.05949367125340496,0.3224269231120966
6.249999999999996,7.402564366918919e-8,7.402564366918919e-8,0.00002132094832285289,0.0005530729172399351,0.002830714204386466,0.01194685695730009,0.028034636148142493,0.06356877586046929,0.33640256184174444
6.150000000000001,8.263902379861806e-8,8.263902379861806e-8,0.00002364019363744025,0.0006081271371509653,0.003092153706898413,0.012946243448323538,0.030191182943660317,0.06794437741561622,0.35089529797647134
6.05,9.240066308604045e-8,9.240066308604045e-8,0.000026247735064503685,0.0006694107802116818,0.003380863073029486,0.01403892337964903,0.03253031316196565,0.07264335638924677,0.3659104846976441
5.949999999999998,1.034837006869221e-7,1.034837006869221e-7,0.000029183994033113995,0.0007377140960521218,0.0037000062145453555,0.015234430342017142,0.03506860360657939,0.0776902638604281,0.3814515318807519
5.849999999999997,1.160905015754759e-7,1.160905015754759e-7,0.00003249571749596542,0.0008139384502816283,0.004053149922563001,0.016543343357102204,0.037824191870579824,0.08311141554606344,0.397519614968577
5.749999999999996,1.30458132975497e-7,1.30458132975497e-7,0.00003623707321825655,0.0008991134728301831,0.004444319462350792,0.017977406944010985,0.040816921055442774,0.08893498419202982,0.4141133611570075
5.650000000000001,1.4686497201561576e-7,1.4686497201561576e-7,0.00004047095339398638,0.000994417085662618,0.004878062373846859,0.01954966510807695,0.04406849440691841,0.0951910882793038,0.43122851350557106
5.55,1.656387006806321e-7,1.656387006806321e-7,0.00004527052984590956,0.001101198931607338,0.005359521753811434,0.021274610765093554,0.047602642845698886,0.1019118744966046,0.4488575742408055
5.449999999999998,1.8716600733152154e-7,1.8716600733152154e-7,0.00005072111381735516,0.0012210078272447274,0.005894520500276359,0.02316835223423598,0.05144530355918893,0.10913159080925286,0.46698942932957194
5.349999999999997,2.1190439421361376e-7,2.1190439421361376e-7,0.000056922385491905414,0.0013556239848410445,0.0064896582375186815,0.025248798546477224,0.05562481019508496,0.11688664621875657,0.4856089573823481
5.249999999999996,2.403965923544732e-7,2.403965923544732e-7,0.0000639910735033326,0.0015070968956976427,0.007152422914996951,0.027535865330607492,0.060172093977941744,0.12521565244029445,0.5046966271241335
5.150000000000001,2.73288215532459e-7,2.73288215532459e-7,0.0000720641836210732,0.0016777899455405734,0.007891319391972882,0.03005170367011994,0.0651208947332264,0.13415944170683713,0.5242280890625204
5.05,3.113494520526353e-7,3.113494520526353e-7,0.00008130289954122181,0.0018704330484518082,0.00871601768679665,0.032820952793891384,0.07050798016837989,0.14376105372484652,0.5441737686052955
4.949999999999998,3.555018081525608e-7,3.555018081525608e-7,0.00009189730860173835,0.002088184847663123,0.009637523992287768,0.035871019912595926,0.07637337096492815,0.15406568343433025,0.5644984697450179
4.849999999999997,4.0685119489613615e-7,4.0685119489613615e-7,0.00010407214298413441,0.0023347063494223823,0.010668378042772025,0.03923238807915092,0.08276056821407966,0.16512057965639373,0.5851610005382468
4.749999999999996,4.6672901145124e-7,4.6672901145124e-7,0.00011809377478362953,0.0026142482426078596,0.011822880970455148,0.04293895406909787,0.08971677843589859,0.1769748827409794,0.6061138339541354
4.650000000000001,5.367433483647872e-7,5.367433483647872e-7,0.00013427876412033617,0.002931754627040993,0.013117358414529278,0.04702839748722908,0.09729312979920271,0.18967938883489824,0.627302820219038
4.55,6.188430511907432e-7,6.188430511907432e-7,0.0001530043370110744,0.003292986446246342,0.014570464349899394,0.05154258178700977,0.1055448711378386,0.2032862209151705,0.6486669695129541
4.449999999999998,7.153981965216943e-7,7.153981965216943e-7,0.0001747212689943965,0.00370466861854975,0.016203531856349818,0.05652798702326651,0.11453154285878103,0.21784839488748498,0.6701383266319871
4.349999999999997,8.293016061011419e-7,8.293016061011419e-7,0.00019996977804884934,0.004174665711736658,0.018040978099673807,0.0620361729351713,0.12431710577079838,0.233419253336621,0.6916419620452452
4.249999999999996,9.64097451942463e-7,9.64097451942463e-7,0.00022939919482823634,0.0047121920448305555,0.020110771174456876,0.06812426915363666,0.13497001012972484,0.25005174749264636,0.7130961062436153
4.150000000000001,1.1241449127325046e-6,1.1241449127325046e-6,0.0002637923911619646,0.005328063366800184,0.0224449682906192,0.07485548720014507,0.14656318269553195,0.26779754019417823,0.7344124564380904
4.05,1.314827404688029e-6,1.314827404688029e-6,0.0003040962244719364,0.0060349988053179544,0.02508033494045595,0.0822996452565,0.15917390422312724,0.28670590191002027,0.7554966859996215
3.9499999999999984,1.5428213733194468e-6,1.5428213733194468e-6,0.00035145961677586035,0.006847983657635353,0.02805905607069111,0.09053369303226924,0.17288354346927712,0.3068223700083289,0.776249187297674
3.849999999999997,1.816443340192607e-6,1.816443340192607e-6,0.0004072813598885448,0.007784705872837817,0.031429550900419836,0.09964221796176691,0.18777710642384482,0.3281871407207301,0.7965660772743033
3.7499999999999956,2.1461003371418318e-6,2.1461003371418318e-6,0.00047327036056711385,0.008866081885618172,0.03524740351109279,0.10971790690643568,0.2039425510444706,0.3508331639684261,0.8163404916659432
3.6500000000000012,2.544877722046558e-6,2.544877722046558e-6,0.0005515218612010102,0.010116890681665082,0.039576421278426505,0.1208619280671559,0.22146980835418464,0.3747839141075927,0.8354641876437249
3.55,3.0293106485486343e-6,3.0293106485486343e-6,0.0006446142620133504,0.011566539185213425,0.04448983232000524,0.13318418584119646,0.24044944054992565,0.40005081561519684,0.8538294651461447
3.4499999999999984,3.620402592360298e-6,3.620402592360298e-6,0.0007557326236668968,0.013249986664009792,0.05007163093714328,0.1468033862717996,0.26097085617164817,0.4266303129323295,0.8713314036071657
3.349999999999997,4.344978409687375e-6,4.344978409687375e-6,0.0008888268737962338,0.01520886161270251,0.05641807588394747,0.16184683198160638,0.2831199921097599,0.45450058952566913,0.8878703929539683
3.2499999999999956,5.23749348863677e-6,5.23749348863677e-6,0.0010488153553515774,0.01749281110663263,0.06363933928689565,0.17844984251048862,0.3069763634283472,0.4836179644127593,0.9033549143325309
3.1500000000000012,6.342469198895231e-6,6.342469198895231e-6,0.0012418478852182515,0.020161130231238236,0.07186129289341811,0.1967546683610993,0.3326093764236593,0.5139130268408896,0.917704498824444
3.05,7.717794842668789e-6,7.717794842668789e-6,0.0014756472808938627,0.023284727365732515,0.0812274013522436,0.21690873462275242,0.360073800612596,0.5452866135665683,0.93085275981465
2.9499999999999984,9.439237909355194e-6,9.439237909355194e-6,0.0017599548386268262,0.026948490149364658,0.0919006668870656,0.23906201314060463,0.3894043051524663,0.577605790207652,0.9427503600362139
2.849999999999997,0.000011606653249234869,0.000011606653249234869,0.0021071141792607154,0.03125412543208887,0.10406553338348794,0.26336328206675746,0.4206089896165618,0.6107000699176834,0.9533677389623681
2.7499999999999956,0.000014352601835002355,0.000014352601835002355,0.0025328401465590433,0.03632355376896566,0.11792960561822319,0.289954990997138,0.4536618848556308,0.6443581895444165,0.9626973945841624
2.6500000000000012,0.000017854418456861944,0.000017854418456861944,0.0030572363910548214,0.04230294245350409,0.13372496695076352,0.31896641380449414,0.488494475507038,0.6783258638078269,0.9707554904597228
2.55,0.00002235126382457877,0.00002235126382457877,0.0037061487223478077,0.04936745708275682,0.15170877906408622,0.3505047482842358,0.5249864120668976,0.7123050467781158,0.9775825518603014
2.4499999999999984,0.000028168453819904743,0.000028168453819904743,0.004512973918751019,0.05772679400205933,0.17216271329717395,0.3846438254482889,0.5629557491399215,0.745955336693128,0.9832430305947274
2.349999999999997,0.000035752528174643927,0.000035752528174643927,0.005521089099279794,0.06763151498618455,0.19539058694361194,0.4214101424484503,0.6021492792949195,0.7788982470438764,0.9878235653347127
2.2499999999999956,0.00004572234967095168,0.00004572234967095168,0.006787130145212607,0.07938012569196412,0.22171335281191598,0.4607660616735916,0.6422338376875052,0.8107251059644869,0.9914298489007345
2.1500000000000012,0.000058944422648844827,0.000058944422648844827,0.008385436138491078,0.09332669743774255,0.2514603141263643,0.5025902659204755,0.6827898319021372,0.8410092972760058,0.9941821385045315
2.05,0.00007664527538881151,0.00007664527538881151,0.010414100102667093,0.10988859223972547,0.28495511718069577,0.5466559792544793,0.7233086882138089,0.8693233674274801,0.9962096051040932
1.9499999999999986,0.00010058134384933802,0.00010058134384933802,0.01300323744153833,0.12955346212990831,0.32249473938466916,0.5926081185706338,0.7631963539153294,0.8952611310540219,0.9976438948377528
1.8499999999999972,0.00013329937400063127,0.00013329937400063127,0.016326318810992824,0.15288408241625778,0.3643194065784758,0.6399414955119683,0.8017853625246567,0.9184642527755074,0.9986124603422394
1.7499999999999958,0.00017854155838064462,0.00017854155838064462,0.020615732795546987,0.1805186465027302,0.41057127184405046,0.6879834834536626,0.838358093793415,0.9386518252929221,0.9992323320443571
1.6499999999999944,0.0002418859952722586,0.0002418859952722586,0.02618416349739946,0.21316277624853838,0.4612400040842709,0.7358861735179626,0.8721834973976266,0.9556502244827977,0.9996050533628954
1.55,0.0003317766922786088,0.0003317766922786088,0.033453894401939216,0.251567562165146,0.5160945592212287,0.7826347952444029,0.9025683666603646,0.9694191345806878,0.9998134023623473
1.4499999999999986,0.00046121100975096425,0.00046121100975096425,0.042996748162387105,0.29648537259263846,0.5746029364836086,0.8270806343441336,0.9289218752336801,0.9800684119254577,0.9999202824885226
1.3499999999999972,0.0006505601303143935,0.0006505601303143935,0.05558790436060684,0.34859208799740604,0.635846470873626,0.8680069859422733,0.9508282480529711,0.9878599262651113,0.9999697961065541
1.2499999999999958,0.0009323869716045654,0.0009323869716045654,0.07227692257394695,0.40836145567932486,0.6984430914503874,0.9042344299193753,0.9681172205926445,0.9931894105498412,0.9999900974556359
1.1499999999999944,0.0013598734393491017,0.0013598734393491017,0.09447801289260742,0.47587614794495736,0.76050554385986,0.9347649940016045,0.9809162518539141,0.9965463860576518,0.9999972784041367
1.05,0.0020219479165598537,0.0020219479165598537,0.12407685983689316,0.5505646977873808,0.8196749305080264,0.9589517113254542,0.9896645282449653,0.9984556788668043,0.9999993985561337
0.9499999999999986,0.003071224173137466,0.003071224173137466,0.16353867113988874,0.63087124530972,0.8732824792212674,0.9766604264949035,0.995070393543544,0.9994110124705764,0.9999998989390793
0.8499999999999972,0.004777248524785018,0.004777248524785018,0.21597258859771515,0.7139082780751301,0.9186915191043139,0.9883688284870238,0.9980053346948572,0.9998170183271923,0.9999999880439903
0.7499999999999958,0.0076315808270293484,0.0076315808270293484,0.28504432840837607,0.7952265392718285,0.9538354154406303,0.995136415199672,0.9993508349517719,0.9999566265659688,0.9999999991070675
0.6499999999999944,0.012563397012079423,0.012563397012079423,0.3745050069089357,0.8689655599716035,0.9778678687553141,0.998400389665841,0.9998429627891732,0.9999928787130123,0.9999999999641541
0.55,0.02140163508934213,0.02140163508934213,0.48689363737705715,0.9287734160728957,0.9916726617240321,0.9996258016265627,0.9999750202735974,0.9999993029297208,0.9999999999993981
0.44999999999999857,0.03791591517064991,0.03791591517064991,0.6207222140063476,0.9698110711724621,0.9978229886627085,0.9999473089858627,0.9999978671265495,0.9999999682563874,0.9999999999999986
0.34999999999999715,0.07029758232132738,0.07029758232132738,0.7655816381475393,0.9914701390751993,0.9996831828408055,0.9999967008445458,0.9999999323240446,0.9999999995706951,1.0000000000000013
0.24999999999999573,0.137472488423869,0.137472488423869,0.8967501439318704,0.9988427559176066,0.9999838332021311,0.999999951065025,0.9999999996281972,0.9999999999993217,1.0000000000000013
0.1499999999999943,0.28643695307174344,0.28643695307174344,0.9789181903872863,0.9999684210499082,0.9999999147495782,0.9999999999673492,0.9999999999999541,1.0000000000000013,1.0000000000000013
0.05,0.644371055439748,0.644371055439748,0.9997422231556686,0.9999999971439256,0.9999999999998538,1.0000000000000013,1.0000000000000013,1.0000000000000013,1.0000000000000013
